id;pos_x;pos_y;pos_z;degree;isAtSampleBorder
0;-255;-37;0;1;1
1;-163;-47;0;1;1
2;-194;-63;0;1;1
3;-143;-103;0;1;1
4;-154;-108;0;1;1
5;-85;-116;0;1;1
6;-223;-124;0;1;1
7;-123;-142;0;1;1
8;-36;-151;0;1;1
9;-128;-164;0;1;1
10;-295;-176;0;1;1
11;-178;-198;0;1;1
12;-215;-201;0;1;1
13;-78;-232;0;1;1
14;-40;-234;0;1;1
15;-292;-122;3;1;0
16;-242;-294;3;1;0
17;-268;-67;4;1;0
18;-121;-122;4;1;0
19;-19;-262;4;1;0
20;-204;-33;5;1;0
21;-141;-60;5;1;0
22;-168;-102;5;1;0
23;-310;-118;5;1;0
24;-106;-141;5;1;0
25;-66;-250;5;1;0
26;-228;-293;5;1;0
27;-287;-192;6;1;0
28;-305;-274;6;1;0
29;-188;-29;7;1;0
30;-126;-61;7;1;0
31;-9;-108;7;1;0
32;-116;-122;7;1;0
33;-304;-148;7;1;0
34;-138;-225;7;1;0
35;-97;-230;7;1;0
36;-122;-245;7;1;0
37;-93;-246;7;1;0
38;-159;-287;7;1;0
39;-276;-289;7;1;0
40;-177;-293;7;1;0
41;-135;-42;8;1;0
42;-88;-47;8;1;0
43;-59;-118;8;1;0
44;-82;-86;9;1;0
45;-19;-125;9;1;0
46;-42;-208;9;1;0
47;-123;-210;9;1;0
48;-222;-216;9;1;0
49;-72;-264;9;1;0
50;-77;-291;9;1;0
51;-148;-202;11;1;0
52;-20;-289;11;1;0
53;-10;-36;12;1;0
54;-291;-38;12;1;0
55;-149;-87;12;1;0
56;-18;-216;12;1;0
57;-49;-291;12;1;0
58;-124;-292;12;1;0
59;-62;-64;13;1;0
60;-310;-187;13;1;0
61;-278;-230;13;1;0
62;-52;-55;14;1;0
63;-314;-136;14;1;0
64;-52;-170;14;1;0
65;-303;-256;14;1;0
66;-241;-33;15;1;0
67;-178;-126;16;1;0
68;-16;-128;17;1;0
69;-7;-144;17;1;0
70;-52;-49;18;1;0
71;-139;-147;18;1;0
72;-172;-218;18;1;0
73;-25;-292;18;1;0
74;-136;-292;18;1;0
75;-209;-292;18;1;0
76;-94;-80;19;1;0
77;-132;-128;19;1;0
78;-315;-169;19;1;0
79;-45;-213;19;1;0
80;-183;-127;20;1;0
81;-220;-135;20;1;0
82;-51;-89;21;1;0
83;-113;-138;21;1;0
84;-291;-204;21;1;0
85;-184;-144;23;1;0
86;-172;-186;23;1;0
87;-313;-197;24;1;0
88;-193;-270;24;1;0
89;-310;-291;25;1;0
90;-40;-292;25;1;0
91;-74;-31;26;1;0
92;-197;-40;26;1;0
93;-100;-32;27;1;0
94;-156;-118;28;1;0
95;-170;-293;28;1;0
96;-238;-258;29;1;0
97;-201;-142;30;1;0
98;-7;-216;32;1;0
99;-311;-274;32;1;0
100;-211;-291;32;1;0
101;-209;-79;34;1;0
102;-167;-72;36;1;0
103;-88;-91;36;1;0
104;-8;-154;37;1;0
105;-8;-245;38;1;0
106;-182;-30;39;1;0
107;-102;-149;39;1;0
108;-200;-185;39;1;0
109;-81;-32;40;1;0
110;-152;-126;40;1;0
111;-271;-166;41;1;0
112;-313;-262;41;1;0
113;-238;-221;42;1;0
114;-116;-75;43;1;0
115;-13;-184;43;1;0
116;-59;-292;43;1;0
117;-10;-90;44;1;0
118;-59;-94;44;1;0
119;-314;-197;44;1;0
120;-102;-223;44;1;0
121;-172;-283;44;1;0
122;-228;-28;45;1;0
123;-190;-188;45;1;0
124;-92;-157;46;1;0
125;-228;-162;46;1;0
126;-7;-147;47;1;0
127;-287;-227;47;1;0
128;-202;-97;48;1;0
129;-294;-123;49;1;0
130;-241;-157;49;1;0
131;-312;-233;49;1;0
132;-143;-293;49;1;0
133;-312;-285;50;1;0
134;-50;-286;51;1;0
135;-283;-156;52;1;0
136;-184;-171;52;1;0
137;-150;-282;52;1;0
138;-158;-51;53;1;0
139;-276;-65;53;1;0
140;-314;-198;53;1;0
141;-170;-292;54;1;0
142;-199;-32;55;1;0
143;-9;-292;55;1;0
144;-121;-292;55;1;0
145;-154;-209;56;1;0
146;-167;-88;57;1;0
147;-229;-199;57;1;0
148;-16;-251;57;1;0
149;-55;-27;58;1;0
150;-86;-71;58;1;0
151;-315;-152;58;1;0
152;-291;-178;60;1;0
153;-8;-180;60;1;0
154;-276;-186;60;1;0
155;-162;-53;61;1;0
156;-55;-54;61;1;0
157;-181;-60;61;1;0
158;-204;-202;61;1;0
159;-314;-69;62;1;0
160;-49;-166;62;1;0
161;-121;-185;62;1;0
162;-226;-286;62;1;0
163;-309;-51;63;1;0
164;-123;-199;63;1;0
165;-235;-295;63;1;0
166;-207;-170;64;1;0
167;-119;-131;65;1;0
168;-59;-293;65;1;0
169;-8;-38;66;1;0
170;-67;-191;66;1;0
171;-315;-136;67;1;0
172;-9;-262;67;1;0
173;-94;-293;67;1;0
174;-223;-60;68;1;0
175;-309;-123;69;1;0
176;-143;-174;70;1;0
177;-10;-248;70;1;0
178;-47;-66;71;1;0
179;-199;-90;71;1;0
180;-9;-100;71;1;0
181;-91;-29;72;1;0
182;-189;-83;72;1;0
183;-60;-184;72;1;0
184;-245;-294;72;1;0
185;-310;-60;73;1;0
186;-149;-74;73;1;0
187;-200;-114;73;1;0
188;-104;-151;73;1;0
189;-128;-202;73;1;0
190;-9;-193;74;1;0
191;-23;-102;77;1;0
192;-173;-135;77;1;0
193;-9;-160;77;1;0
194;-313;-212;77;1;0
195;-48;-89;78;1;0
196;-297;-247;78;1;0
197;-309;-252;78;1;0
198;-163;-140;79;1;0
199;-205;-291;79;1;0
200;-77;-50;80;1;0
201;-194;-262;80;1;0
202;-122;-50;81;1;0
203;-237;-98;83;1;0
204;-152;-292;83;1;0
205;-65;-293;83;1;0
206;-208;-30;84;1;0
207;-263;-100;84;1;0
208;-99;-124;84;1;0
209;-140;-134;84;1;0
210;-68;-32;85;1;0
211;-7;-63;85;1;0
212;-247;-89;85;1;0
213;-155;-255;86;1;0
214;-61;-257;86;1;0
215;-164;-213;87;1;0
216;-45;-291;87;1;0
217;-65;-193;88;1;0
218;-238;-258;88;1;0
219;-233;-35;89;1;0
220;-6;-217;89;1;0
221;-99;-36;90;1;0
222;-214;-86;90;1;0
223;-311;-287;90;1;0
224;-313;-192;92;1;0
225;-136;-217;92;1;0
226;-313;-241;92;1;0
227;-233;-281;92;1;0
228;-119;-272;93;1;0
229;-184;-291;94;1;0
230;-248;-102;95;1;0
231;-161;-115;95;1;0
232;-315;-211;95;1;0
233;-134;-292;95;1;0
234;-234;-44;96;1;0
235;-314;-47;96;1;0
236;-11;-79;96;1;0
237;-12;-145;97;1;0
238;-241;-35;98;1;0
239;-314;-123;98;1;0
240;-29;-127;101;1;0
241;-39;-158;101;1;0
242;-302;-294;101;1;0
243;-13;-75;102;1;0
244;-100;-91;102;1;0
245;-126;-178;102;1;0
246;-198;-291;102;1;0
247;-156;-292;102;1;0
248;-258;-222;103;1;0
249;-104;-261;103;1;0
250;-48;-263;103;1;0
251;-302;-40;104;1;0
252;-174;-221;104;1;0
253;-266;-273;104;1;0
254;-242;-155;105;1;0
255;-124;-218;105;1;0
256;-154;-242;105;1;0
257;-225;-293;105;1;0
258;-245;-139;106;1;0
259;-127;-290;106;1;0
260;-64;-105;107;1;0
261;-159;-259;107;1;0
262;-51;-290;107;1;0
263;-197;-122;108;1;0
264;-311;-125;108;1;0
265;-87;-160;108;1;0
266;-242;-293;108;1;0
267;-8;-257;109;1;0
268;-10;-293;109;1;0
269;-146;-28;110;1;0
270;-312;-204;110;1;0
271;-240;-253;110;1;0
272;-90;-289;110;1;0
273;-234;-82;111;1;0
274;-20;-281;111;1;0
275;-90;-88;113;1;0
276;-267;-97;113;1;0
277;-312;-105;113;1;0
278;-248;-207;113;1;0
279;-130;-235;113;1;0
280;-121;-33;114;1;0
281;-314;-214;114;1;0
282;-314;-27;115;1;0
283;-97;-147;115;1;0
284;-17;-178;115;1;0
285;-310;-273;115;1;0
286;-260;-290;115;1;0
287;-90;-293;115;1;0
288;-59;-106;116;1;0
289;-238;-141;116;1;0
290;-126;-170;116;1;0
291;-46;-174;116;1;0
292;-7;-135;117;1;0
293;-96;-137;118;1;0
294;-149;-292;118;1;0
295;-143;-149;119;1;0
296;-139;-131;120;1;0
297;-61;-144;121;1;0
298;-214;-231;121;1;0
299;-147;-74;122;1;0
300;-124;-208;123;1;0
301;-134;-234;123;1;0
302;-84;-86;124;1;0
303;-77;-183;124;1;0
304;-188;-293;125;1;0
305;-13;-150;126;1;0
306;-228;-195;126;1;0
307;-8;-294;126;1;0
308;-6;-29;127;1;0
309;-217;-87;127;1;0
310;-131;-192;127;1;0
311;-174;-293;127;1;0
312;-72;-58;128;1;0
313;-196;-116;128;1;0
314;-313;-223;128;1;0
315;-59;-292;128;1;0
316;-73;-294;128;1;0
317;-80;-198;129;1;0
318;-80;-263;129;1;0
319;-129;-124;130;1;0
320;-157;-214;130;1;0
321;-194;-294;130;1;0
322;-276;-135;131;1;0
323;-134;-148;131;1;0
324;-165;-175;131;1;0
325;-20;-292;131;1;0
326;-93;-293;132;1;0
327;-222;-292;133;1;0
328;-173;-119;134;1;0
329;-253;-60;135;1;0
330;-267;-70;135;1;0
331;-68;-147;136;1;0
332;-308;-154;136;1;0
333;-118;-179;136;1;0
334;-195;-245;136;1;0
335;-257;-251;136;1;0
336;-8;-59;137;1;0
337;-210;-95;138;1;0
338;-226;-278;138;1;0
339;-105;-295;138;1;0
340;-105;-29;139;1;0
341;-43;-39;139;1;0
342;-248;-149;139;1;0
343;-258;-210;139;1;0
344;-260;-214;140;1;0
345;-134;-30;141;1;0
346;-276;-97;141;1;0
347;-145;-138;141;1;0
348;-120;-204;141;1;0
349;-122;-289;141;1;0
350;-40;-87;143;1;0
351;-271;-205;143;1;0
352;-6;-212;143;1;0
353;-11;-292;143;1;0
354;-295;-232;144;1;0
355;-314;-232;144;1;0
356;-314;-270;144;1;0
357;-163;-33;145;1;0
358;-310;-78;146;1;0
359;-47;-133;146;1;0
360;-213;-167;146;1;0
361;-28;-249;146;1;0
362;-157;-287;146;1;0
363;-147;-95;147;1;0
364;-108;-108;147;1;0
365;-52;-211;147;1;0
366;-228;-39;148;1;0
367;-248;-56;148;1;0
368;-189;-75;148;1;0
369;-192;-126;148;1;0
370;-230;-180;148;1;0
371;-291;-294;148;1;0
372;-198;-164;149;1;0
373;-6;-179;149;1;0
374;-134;-262;149;1;0
375;-50;-190;150;1;0
376;-131;-73;151;1;0
377;-124;-192;151;1;0
378;-224;-237;152;1;0
379;-301;-33;153;1;0
380;-315;-38;153;1;0
381;-219;-33;155;1;0
382;-228;-113;155;1;0
383;-39;-137;155;1;0
384;-315;-186;155;1;0
385;-151;-293;155;1;0
386;-153;-49;156;1;0
387;-105;-292;156;1;0
388;-242;-293;156;1;0
389;-85;-33;157;1;0
390;-49;-98;157;1;0
391;-171;-291;157;1;0
392;-14;-77;158;1;0
393;-197;-159;158;1;0
394;-93;-250;158;1;0
395;-133;-37;159;1;0
396;-159;-74;159;1;0
397;-234;-83;159;1;0
398;-13;-280;159;1;0
399;-50;-294;159;1;0
400;-60;-30;160;1;0
401;-291;-235;160;1;0
402;-130;-286;160;1;0
403;-55;-194;162;1;0
404;-181;-229;162;1;0
405;-307;-130;163;1;0
406;-182;-256;163;1;0
407;-237;-293;164;1;0
408;-36;-111;165;1;0
409;-177;-144;165;1;0
410;-10;-155;165;1;0
411;-8;-254;165;1;0
412;-132;-122;166;1;0
413;-184;-156;166;1;0
414;-312;-50;167;1;0
415;-314;-110;167;1;0
416;-7;-29;168;1;0
417;-200;-226;168;1;0
418;-209;-289;168;1;0
419;-110;-121;169;1;0
420;-310;-271;169;1;0
421;-196;-36;170;1;0
422;-60;-48;171;1;0
423;-307;-140;171;1;0
424;-70;-165;171;1;0
425;-312;-177;171;1;0
426;-312;-203;171;1;0
427;-195;-280;171;1;0
428;-125;-32;172;1;0
429;-61;-85;172;1;0
430;-99;-293;172;1;0
431;-7;-52;173;1;0
432;-155;-57;173;1;0
433;-179;-273;173;1;0
434;-108;-284;173;1;0
435;-117;-93;174;1;0
436;-175;-294;174;1;0
437;-219;-169;175;1;0
438;-34;-187;175;1;0
439;-288;-75;176;1;0
440;-49;-223;177;1;0
441;-125;-81;178;1;0
442;-166;-62;179;1;0
443;-202;-63;179;1;0
444;-212;-131;179;1;0
445;-261;-152;180;1;0
446;-41;-182;180;1;0
447;-92;-239;180;1;0
448;-143;-253;180;1;0
449;-233;-28;181;1;0
450;-313;-105;181;1;0
451;-315;-59;182;1;0
452;-284;-109;182;1;0
453;-314;-188;182;1;0
454;-10;-171;183;1;0
455;-311;-215;183;1;0
456;-158;-30;184;1;0
457;-36;-35;184;1;0
458;-65;-108;184;1;0
459;-103;-29;185;1;0
460;-211;-113;185;1;0
461;-209;-130;185;1;0
462;-94;-239;185;1;0
463;-11;-210;186;1;0
464;-112;-236;186;1;0
465;-288;-291;186;1;0
466;-186;-146;187;1;0
467;-220;-119;188;1;0
468;-254;-231;189;1;0
469;-254;-249;189;1;0
470;-312;-270;189;1;0
471;-91;-288;189;1;0
472;-79;-111;190;1;0
473;-182;-119;190;1;0
474;-313;-275;190;1;0
475;-262;-292;190;1;0
476;-230;-109;191;1;0
477;-313;-124;191;1;0
478;-256;-261;193;1;0
479;-17;-37;195;1;0
480;-300;-38;195;1;0
481;-124;-268;195;1;0
482;-264;-28;196;1;0
483;-39;-33;196;1;0
484;-210;-221;196;1;0
485;-202;-69;197;1;0
486;-253;-78;197;1;0
487;-270;-196;197;1;0
488;-86;-118;198;1;0
489;-7;-261;198;1;0
490;-23;-287;198;1;0
491;-242;-291;198;1;0
492;-123;-293;198;1;0
493;-154;-127;199;1;0
494;-40;-150;199;1;0
495;-75;-175;199;1;0
496;-248;-30;201;1;0
497;-280;-120;201;1;0
498;-236;-72;202;1;0
499;-82;-231;202;1;0
500;-182;-144;203;1;0
501;-58;-183;204;1;0
502;-146;-206;204;1;0
503;-213;-29;205;1;0
504;-86;-37;205;1;0
505;-190;-150;205;1;0
506;-181;-29;206;1;0
507;-166;-30;206;1;0
508;-313;-42;206;1;0
509;-33;-76;206;1;0
510;-297;-290;206;1;0
511;-158;-292;206;1;0
512;-191;-78;208;1;0
513;-13;-28;209;1;0
514;-281;-127;209;1;0
515;-38;-208;209;1;0
516;-170;-228;209;1;0
517;-273;-293;209;1;0
518;-91;-126;210;1;0
519;-268;-237;210;1;0
520;-261;-44;212;1;0
521;-188;-196;213;1;0
522;-148;-275;213;1;0
523;-60;-291;213;1;0
524;-313;-53;214;1;0
525;-23;-192;214;1;0
526;-200;-219;214;1;0
527;-233;-293;214;1;0
528;-180;-72;215;1;0
529;-76;-141;215;1;0
530;-217;-184;215;1;0
531;-59;-216;215;1;0
532;-231;-96;216;1;0
533;-293;-124;216;1;0
534;-48;-71;217;1;0
535;-32;-213;217;1;0
536;-116;-64;218;1;0
537;-121;-144;218;1;0
538;-117;-175;218;1;0
539;-167;-28;219;1;0
540;-99;-110;220;1;0
541;-156;-171;220;1;0
542;-313;-268;221;1;0
543;-142;-55;222;1;0
544;-78;-65;222;1;0
545;-178;-80;222;1;0
546;-54;-29;223;1;0
547;-243;-62;223;1;0
548;-258;-107;223;1;0
549;-197;-223;223;1;0
550;-315;-225;223;1;0
551;-7;-226;223;1;0
552;-54;-284;223;1;0
553;-270;-284;223;1;0
554;-223;-88;224;1;0
555;-32;-69;225;1;0
556;-87;-143;225;1;0
557;-12;-200;225;1;0
558;-147;-247;225;1;0
559;-248;-266;225;1;0
560;-28;-293;225;1;0
561;-162;-293;225;1;0
562;-125;-175;227;1;0
563;-117;-186;227;1;0
564;-255;-293;227;1;0
565;-315;-156;228;1;0
566;-263;-207;228;1;0
567;-183;-238;228;1;0
568;-180;-292;228;1;0
569;-125;-293;228;1;0
570;-112;-37;229;1;0
571;-315;-114;229;1;0
572;-202;-128;229;1;0
573;-179;-77;230;1;0
574;-103;-294;230;1;0
575;-247;-86;232;1;0
576;-298;-136;232;1;0
577;-9;-174;232;1;0
578;-218;-228;232;1;0
579;-93;-289;232;1;0
580;-20;-113;233;1;0
581;-138;-115;233;1;0
582;-225;-134;233;1;0
583;-69;-142;233;1;0
584;-221;-148;233;1;0
585;-269;-127;235;1;0
586;-166;-192;235;1;0
587;-314;-280;235;1;0
588;-81;-293;236;1;0
589;-87;-28;238;1;0
590;-180;-150;238;1;0
591;-150;-211;238;1;0
592;-204;-31;239;1;0
593;-153;-51;239;1;0
594;-83;-113;239;1;0
595;-199;-66;240;1;0
596;-11;-207;240;1;0
597;-16;-248;241;1;0
598;-112;-290;241;1;0
599;-229;-33;242;1;0
600;-217;-155;242;1;0
601;-6;-284;242;1;0
602;-281;-293;242;1;0
603;-107;-28;243;1;0
604;-239;-59;243;1;0
605;-183;-189;243;1;0
606;-248;-293;243;1;0
607;-120;-87;244;1;0
608;-14;-95;244;1;0
609;-60;-215;244;1;0
610;-23;-104;245;1;0
611;-262;-142;245;1;0
612;-175;-265;245;1;0
613;-7;-102;247;1;0
614;-77;-219;247;1;0
615;-233;-153;248;1;0
616;-274;-154;248;1;0
617;-314;-36;249;1;0
618;-313;-75;249;1;0
619;-143;-221;249;1;0
620;-151;-226;249;1;0
621;-220;-293;249;1;0
622;-287;-174;250;1;0
623;-314;-46;251;1;0
624;-48;-102;251;1;0
625;-130;-170;251;1;0
626;-154;-291;251;1;0
627;-257;-30;253;1;0
628;-311;-193;253;1;0
629;-313;-218;253;1;0
630;-28;-294;253;1;0
631;-285;-204;254;1;0
632;-89;-74;257;1;0
633;-163;-205;257;1;0
634;-120;-290;257;1;0
635;-172;-211;258;1;0
636;-313;-278;258;1;0
637;-185;-201;259;1;0
638;-198;-165;260;1;0
639;-194;-220;260;1;0
640;-138;-294;260;1;0
641;-182;-158;261;1;0
642;-58;-251;262;1;0
643;-281;-293;262;1;0
644;-8;-33;263;1;0
645;-7;-102;263;1;0
646;-18;-115;263;1;0
647;-310;-219;263;1;0
648;-133;-54;264;1;0
649;-181;-140;264;1;0
650;-15;-212;265;1;0
651;-241;-225;265;1;0
652;-186;-242;265;1;0
653;-146;-69;267;1;0
654;-244;-80;267;1;0
655;-114;-117;267;1;0
656;-315;-205;267;1;0
657;-204;-124;268;1;0
658;-82;-219;268;1;0
659;-312;-148;269;1;0
660;-75;-177;269;1;0
661;-229;-197;269;1;0
662;-65;-284;269;1;0
663;-235;-138;270;1;0
664;-61;-182;270;1;0
665;-41;-30;271;1;0
666;-313;-139;271;1;0
667;-116;-220;271;1;0
668;-9;-291;271;1;0
669;-36;-213;272;1;0
670;-82;-248;272;1;0
671;-93;-274;272;1;0
672;-124;-293;272;1;0
673;-157;-142;273;1;0
674;-307;-292;273;1;0
675;-45;-294;273;1;0
676;-103;-208;274;1;0
677;-292;-290;274;1;0
678;-87;-291;274;1;0
679;-169;-28;275;1;0
680;-259;-28;275;1;0
681;-144;-30;275;1;0
682;-315;-93;275;1;0
683;-8;-130;275;1;0
684;-136;-215;275;1;0
685;-146;-216;276;1;0
686;-10;-221;276;1;0
687;-110;-291;276;1;0
688;-315;-236;277;1;0
689;-249;-288;277;1;0
690;-173;-218;278;1;0
691;-20;-57;280;1;0
692;-313;-80;281;1;0
693;-39;-174;281;1;0
694;-238;-250;281;1;0
695;-171;-294;281;1;0
696;-56;-28;282;1;0
697;-215;-47;282;1;0
698;-314;-264;282;1;0
699;-217;-34;283;1;0
700;-311;-129;283;1;0
701;-93;-206;283;1;0
702;-174;-257;283;1;0
703;-20;-40;284;1;0
704;-111;-127;284;1;0
705;-288;-257;284;1;0
706;-202;-252;285;1;0
707;-277;-288;285;1;0
708;-57;-142;286;1;0
709;-257;-181;286;1;0
710;-207;-190;286;1;0
711;-284;-29;287;1;0
712;-301;-143;287;1;0
713;-89;-170;287;1;0
714;-118;-170;287;1;0
715;-242;-198;288;1;0
716;-105;-28;289;1;0
717;-9;-69;289;1;0
718;-230;-187;289;1;0
719;-83;-290;289;1;0
720;-260;-28;290;1;0
721;-313;-290;290;1;0
722;-311;-29;292;1;0
723;-142;-122;292;1;0
724;-312;-208;292;1;0
725;-53;-209;292;1;0
726;-69;-234;293;1;0
727;-206;-182;296;1;0
728;-241;-240;296;1;0
729;-118;-261;296;1;0
730;-310;-274;296;1;0
731;-206;-293;296;1;0
732;-312;-220;297;1;0
733;-186;-178;298;1;0
734;-288;-291;298;1;0
735;-10;-68;299;1;0
736;-16;-96;299;1;0
737;-314;-140;299;1;0
738;-314;-30;300;1;0
739;-289;-174;300;1;0
740;-218;-116;301;1;0
741;-207;-143;301;1;0
742;-313;-169;301;1;0
743;-66;-292;301;1;0
744;-223;-28;302;1;0
745;-170;-199;302;1;0
746;-177;-250;302;1;0
747;-46;-290;302;1;0
748;-142;-290;302;1;0
749;-161;-291;302;1;0
750;-37;-292;302;1;0
751;-126;-171;303;1;0
752;-23;-174;303;1;0
753;-30;-119;304;1;0
754;-9;-180;304;1;0
755;-312;-40;305;1;0
756;-204;-94;305;1;0
757;-174;-179;305;1;0
758;-269;-185;305;1;0
759;-260;-288;305;1;0
760;-114;-294;305;1;0
761;-46;-48;306;1;0
762;-315;-88;306;1;0
763;-177;-241;306;1;0
764;-163;-186;308;1;0
765;-280;-271;308;1;0
766;-193;-79;309;1;0
767;-147;-196;309;1;0
768;-205;-291;309;1;0
769;-84;-28;310;1;0
770;-37;-60;310;1;0
771;-68;-41;311;1;0
772;-220;-209;311;1;0
773;-266;-46;312;1;0
774;-183;-144;312;1;0
775;-274;-190;312;1;0
776;-257;-32;313;1;0
777;-75;-131;313;1;0
778;-249;-86;314;1;0
779;-196;-37;315;1;0
780;-105;-58;315;1;0
781;-313;-158;315;1;0
782;-209;-179;315;1;0
783;-108;-46;316;1;0
784;-140;-133;316;1;0
785;-315;-276;316;1;0
786;-219;-28;318;1;0
787;-164;-135;318;1;0
788;-20;-142;318;1;0
789;-80;-29;319;1;0
790;-56;-33;319;1;0
791;-221;-178;319;1;0
792;-37;-209;319;1;0
793;-11;-38;320;1;0
794;-92;-116;320;1;0
795;-35;-117;320;1;0
796;-314;-168;320;1;0
797;-294;-180;320;1;0
798;-151;-229;320;1;0
799;-270;-28;321;1;0
800;-263;-148;321;1;0
801;-313;-244;321;1;0
802;-82;-47;322;1;0
803;-218;-84;322;1;0
804;-105;-293;322;1;0
805;-258;-82;323;1;0
806;-63;-179;323;1;0
807;-209;-277;323;1;0
808;-203;-294;323;1;0
809;-98;-73;324;1;0
810;-245;-122;324;1;0
811;-233;-78;326;1;0
812;-25;-292;326;1;0
813;-10;-65;327;1;0
814;-128;-159;327;1;0
815;-161;-94;328;1;0
816;-55;-192;328;1;0
817;-42;-286;328;1;0
818;-114;-36;329;1;0
819;-226;-290;329;1;0
820;-303;-70;330;1;0
821;-89;-234;330;1;0
822;-127;-256;330;1;0
823;-309;-77;331;1;0
824;-12;-171;331;1;0
825;-113;-219;331;1;0
826;-262;-244;331;1;0
827;-122;-29;333;1;0
828;-312;-52;333;1;0
829;-105;-129;333;1;0
830;-314;-146;333;1;0
831;-84;-237;333;1;0
832;-269;-131;334;1;0
833;-96;-209;334;1;0
834;-147;-289;334;1;0
835;-150;-111;335;1;0
836;-48;-131;335;1;0
837;-32;-279;335;1;0
838;-246;-41;337;1;0
839;-315;-200;337;1;0
840;-196;-224;337;1;0
841;-52;-289;337;1;0
842;-315;-33;339;1;0
843;-168;-105;339;1;0
844;-58;-127;339;1;0
845;-184;-294;339;1;0
846;-311;-81;341;1;0
847;-169;-130;341;1;0
848;-312;-191;341;1;0
849;-69;-212;341;1;0
850;-13;-222;341;1;0
851;-83;-259;341;1;0
852;-11;-289;341;1;0
853;-231;-97;342;1;0
854;-134;-193;342;1;0
855;-132;-211;343;1;0
856;-253;-32;344;1;0
857;-52;-143;345;1;0
858;-214;-201;345;1;0
859;-314;-228;345;1;0
860;-70;-243;345;1;0
861;-248;-291;345;1;0
862;-230;-211;346;1;0
863;-160;-60;347;1;0
864;-31;-86;347;1;0
865;-196;-91;347;1;0
866;-62;-96;347;1;0
867;-314;-286;347;1;0
868;-75;-289;347;1;0
869;-156;-92;348;1;0
870;-246;-209;348;1;0
871;-35;-294;349;1;0
872;-285;-74;350;1;0
873;-288;-93;350;1;0
874;-229;-142;350;1;0
875;-298;-50;351;1;0
876;-297;-29;352;1;0
877;-8;-30;352;1;0
878;-227;-140;352;1;0
879;-189;-232;352;1;0
880;-314;-97;353;1;0
881;-164;-154;353;1;0
882;-93;-104;354;1;0
883;-36;-136;354;1;0
884;-104;-281;355;1;0
885;-8;-138;356;1;0
886;-177;-208;356;1;0
887;-186;-295;356;1;0
888;-32;-234;357;1;0
889;-81;-92;358;1;0
890;-227;-166;358;1;0
891;-313;-44;359;1;0
892;-205;-258;359;1;0
893;-206;-272;359;1;0
894;-80;-150;360;1;0
895;-77;-164;360;1;0
896;-311;-238;360;1;0
897;-311;-34;361;1;0
898;-58;-268;361;1;0
899;-300;-34;362;1;0
900;-225;-66;362;1;0
901;-159;-77;362;1;0
902;-214;-230;362;1;0
903;-303;-293;362;1;0
904;-28;-96;363;1;0
905;-7;-279;363;1;0
906;-314;-85;364;1;0
907;-39;-34;365;1;0
908;-177;-197;365;1;0
909;-113;-294;365;1;0
910;-164;-157;366;1;0
911;-25;-179;366;1;0
912;-209;-279;366;1;0
913;-160;-112;367;1;0
914;-294;-112;367;1;0
915;-171;-156;367;1;0
916;-198;-246;368;1;0
917;-7;-108;369;1;0
918;-9;-193;369;1;0
919;-127;-29;370;1;0
920;-105;-87;370;1;0
921;-117;-158;370;1;0
922;-216;-169;370;1;0
923;-40;-293;370;1;0
924;-313;-175;371;1;0
925;-70;-172;372;1;0
926;-161;-230;372;1;0
927;-51;-257;372;1;0
928;-11;-178;373;1;0
929;-314;-197;374;1;0
930;-12;-218;374;1;0
931;-243;-30;375;1;0
932;-244;-284;375;1;0
933;-153;-294;375;1;0
934;-84;-90;376;1;0
935;-124;-124;376;1;0
936;-186;-288;377;1;0
937;-72;-293;377;1;0
938;-209;-174;378;1;0
939;-24;-200;378;1;0
940;-280;-245;378;1;0
941;-200;-252;378;1;0
942;-178;-291;378;1;0
943;-307;-117;379;1;0
944;-240;-56;380;1;0
945;-213;-291;380;1;0
946;-311;-62;381;1;0
947;-111;-189;381;1;0
948;-250;-237;381;1;0
949;-26;-288;381;1;0
950;-126;-90;382;1;0
951;-308;-228;382;1;0
952;-36;-293;382;1;0
953;-176;-33;383;1;0
954;-171;-126;383;1;0
955;-314;-147;383;1;0
956;-275;-284;383;1;0
957;-259;-291;383;1;0
958;-8;-30;384;1;0
959;-120;-65;384;1;0
960;-86;-103;384;1;0
961;-10;-67;385;1;0
962;-224;-103;385;1;0
963;-209;-105;385;1;0
964;-268;-166;385;1;0
965;-88;-211;385;1;0
966;-267;-31;386;1;0
967;-33;-112;386;1;0
968;-151;-295;386;1;0
969;-114;-33;387;1;0
970;-117;-182;387;1;0
971;-172;-291;388;1;0
972;-71;-47;389;1;0
973;-225;-71;389;1;0
974;-240;-100;389;1;0
975;-21;-113;389;1;0
976;-243;-163;389;1;0
977;-259;-170;390;1;0
978;-195;-53;391;1;0
979;-113;-291;391;1;0
980;-315;-95;392;1;0
981;-116;-181;392;1;0
982;-252;-289;392;1;0
983;-54;-79;393;1;0
984;-86;-252;393;1;0
985;-164;-293;393;1;0
986;-101;-33;394;1;0
987;-77;-46;394;1;0
988;-179;-120;394;1;0
989;-182;-215;394;1;0
990;-235;-295;394;1;0
991;-311;-177;395;1;0
992;-76;-35;396;1;0
993;-56;-280;396;1;0
994;-228;-62;397;1;0
995;-122;-223;397;1;0
996;-153;-287;397;1;0
997;-313;-124;398;1;0
998;-204;-241;398;1;0
999;-244;-255;398;1;0
1000;-313;-257;398;1;0
1001;-288;-64;399;1;0
1002;-9;-83;399;1;0
1003;-311;-115;399;1;0
1004;-57;-292;399;1;0
1005;-182;-89;400;1;0
1006;-132;-94;400;1;0
1007;-16;-146;400;1;0
1008;-312;-27;401;1;0
1009;-11;-143;401;1;0
1010;-107;-212;402;1;0
1011;-239;-31;403;1;0
1012;-221;-99;403;1;0
1013;-35;-123;403;1;0
1014;-208;-215;403;1;0
1015;-47;-219;403;1;0
1016;-210;-252;403;1;0
1017;-290;-141;404;1;0
1018;-215;-294;404;1;0
1019;-177;-133;405;1;0
1020;-311;-184;405;1;0
1021;-188;-28;406;1;0
1022;-93;-250;406;1;0
1023;-125;-262;406;1;0
1024;-252;-80;407;1;0
1025;-312;-96;407;1;0
1026;-228;-175;407;1;0
1027;-215;-240;407;1;0
1028;-30;-34;408;1;0
1029;-60;-178;408;1;0
1030;-29;-133;409;1;0
1031;-127;-220;409;1;0
1032;-312;-28;410;1;0
1033;-313;-43;410;1;0
1034;-247;-245;410;1;0
1035;-137;-189;411;1;0
1036;-91;-59;412;1;0
1037;-163;-97;412;1;0
1038;-248;-189;412;1;0
1039;-73;-209;412;1;0
1040;-183;-140;413;1;0
1041;-225;-165;413;1;0
1042;-30;-34;414;1;0
1043;-14;-138;414;1;0
1044;-163;-264;414;1;0
1045;-151;-196;415;1;0
1046;-131;-198;415;1;0
1047;-266;-36;416;1;0
1048;-74;-75;416;1;0
1049;-211;-40;417;1;0
1050;-305;-117;417;1;0
1051;-156;-269;417;1;0
1052;-130;-293;417;1;0
1053;-168;-85;418;1;0
1054;-193;-288;418;1;0
1055;-30;-28;420;1;0
1056;-79;-293;420;1;0
1057;-116;-92;421;1;0
1058;-91;-143;421;1;0
1059;-49;-236;421;1;0
1060;-159;-257;421;1;0
1061;-89;-282;421;1;0
1062;-280;-115;422;1;0
1063;-229;-45;423;1;0
1064;-133;-66;423;1;0
1065;-193;-83;423;1;0
1066;-88;-170;423;1;0
1067;-276;-232;423;1;0
1068;-133;-181;424;1;0
1069;-117;-42;425;1;0
1070;-86;-182;425;1;0
1071;-192;-185;425;1;0
1072;-139;-32;426;1;0
1073;-314;-145;426;1;0
1074;-70;-291;426;1;0
1075;-256;-56;427;1;0
1076;-145;-293;427;1;0
1077;-170;-66;428;1;0
1078;-113;-45;429;1;0
1079;-313;-160;429;1;0
1080;-313;-199;429;1;0
1081;-261;-290;429;1;0
1082;-87;-292;429;1;0
1083;-7;-30;430;1;0
1084;-160;-89;430;1;0
1085;-232;-112;430;1;0
1086;-267;-29;431;1;0
1087;-205;-61;431;1;0
1088;-234;-63;431;1;0
1089;-49;-91;431;1;0
1090;-270;-293;431;1;0
1091;-97;-29;432;1;0
1092;-143;-101;432;1;0
1093;-53;-120;432;1;0
1094;-120;-145;432;1;0
1095;-62;-290;432;1;0
1096;-314;-290;432;1;0
1097;-252;-28;433;1;0
1098;-120;-170;433;1;0
1099;-150;-107;434;1;0
1100;-35;-207;434;1;0
1101;-8;-292;435;1;0
1102;-73;-293;435;1;0
1103;-113;-158;436;1;0
1104;-241;-291;436;1;0
1105;-243;-109;437;1;0
1106;-232;-151;438;1;0
1107;-180;-259;438;1;0
1108;-314;-121;439;1;0
1109;-153;-220;439;1;0
1110;-314;-283;439;1;0
1111;-284;-286;440;1;0
1112;-113;-293;440;1;0
1113;-234;-293;440;1;0
1114;-41;-97;441;1;0
1115;-308;-274;441;1;0
1116;-12;-92;442;1;0
1117;-128;-153;443;1;0
1118;-310;-168;443;1;0
1119;-260;-293;443;1;0
1120;-188;-49;444;1;0
1121;-86;-162;444;1;0
1122;-64;-119;445;1;0
1123;-133;-147;445;1;0
1124;-202;-155;445;1;0
1125;-171;-203;445;1;0
1126;-120;-205;445;1;0
1127;-275;-151;446;1;0
1128;-277;-132;447;1;0
1129;-124;-292;447;1;0
1130;-260;-87;448;1;0
1131;-280;-213;448;1;0
1132;-89;-61;449;1;0
1133;-313;-165;449;1;0
1134;-217;-292;449;1;0
1135;-315;-60;450;1;0
1136;-175;-86;450;1;0
1137;-313;-103;450;1;0
1138;-11;-222;450;1;0
1139;-106;-227;450;1;0
1140;-93;-86;451;1;0
1141;-203;-109;451;1;0
1142;-157;-33;452;1;0
1143;-155;-111;452;1;0
1144;-28;-37;453;1;0
1145;-313;-206;453;1;0
1146;-243;-224;453;1;0
1147;-313;-265;453;1;0
1148;-48;-52;454;1;0
1149;-7;-149;454;1;0
1150;-263;-157;454;1;0
1151;-312;-243;454;1;0
1152;-95;-127;455;1;0
1153;-52;-128;455;1;0
1154;-290;-170;455;1;0
1155;-57;-206;455;1;0
1156;-312;-217;455;1;0
1157;-21;-227;455;1;0
1158;-127;-30;457;1;0
1159;-314;-94;457;1;0
1160;-144;-217;457;1;0
1161;-313;-29;460;1;0
1162;-174;-118;460;1;0
1163;-42;-291;460;1;0
1164;-75;-291;460;1;0
1165;-165;-246;461;1;0
1166;-277;-32;462;1;0
1167;-7;-203;462;1;0
1168;-163;-293;462;1;0
1169;-193;-118;463;1;0
1170;-18;-126;464;1;0
1171;-271;-171;464;1;0
1172;-186;-201;464;1;0
1173;-184;-244;464;1;0
1174;-313;-222;465;1;0
1175;-313;-161;466;1;0
1176;-69;-295;466;1;0
1177;-61;-52;467;1;0
1178;-171;-140;467;1;0
1179;-107;-146;467;1;0
1180;-124;-213;467;1;0
1181;-7;-187;468;1;0
1182;-107;-251;468;1;0
1183;-32;-293;468;1;0
1184;-277;-115;469;1;0
1185;-73;-210;469;1;0
1186;-192;-111;470;1;0
1187;-53;-139;470;1;0
1188;-45;-148;472;1;0
1189;-162;-190;472;1;0
1190;-153;-199;472;1;0
1191;-202;-208;472;1;0
1192;-101;-288;472;1;0
1193;-15;-293;473;1;0
1194;-202;-114;474;1;0
1195;-229;-170;474;1;0
1196;-270;-186;474;1;0
1197;-149;-244;474;1;0
1198;-119;-258;474;1;0
1199;-311;-52;475;1;0
1200;-203;-89;475;1;0
1201;-212;-122;475;1;0
1202;-11;-169;475;1;0
1203;-275;-177;475;1;0
1204;-226;-43;476;1;0
1205;-50;-166;476;1;0
1206;-206;-98;477;1;0
1207;-88;-79;478;1;0
1208;-26;-118;478;1;0
1209;-168;-159;478;1;0
1210;-312;-225;478;1;0
1211;-298;-291;478;1;0
1212;-220;-50;479;1;0
1213;-315;-170;479;1;0
1214;-33;-285;479;1;0
1215;-173;-293;479;1;0
1216;-7;-32;480;1;0
1217;-239;-44;480;1;0
1218;-8;-134;480;1;0
1219;-44;-192;480;1;0
1220;-244;-287;481;1;0
1221;-314;-213;482;1;0
1222;-207;-282;482;1;0
1223;-217;-231;483;1;0
1224;-183;-104;484;1;0
1225;-66;-229;484;1;0
1226;-11;-50;485;1;0
1227;-312;-133;485;1;0
1228;-204;-288;485;1;0
1229;-132;-294;485;1;0
1230;-107;-182;486;1;0
1231;-302;-40;487;1;0
1232;-23;-190;487;1;0
1233;-15;-288;487;1;0
1234;-42;-292;487;1;0
1235;-268;-111;488;1;0
1236;-183;-155;488;1;0
1237;-177;-28;489;1;0
1238;-294;-54;489;1;0
1239;-44;-61;489;1;0
1240;-211;-150;489;1;0
1241;-243;-103;490;1;0
1242;-184;-259;490;1;0
1243;-147;-30;491;1;0
1244;-212;-198;491;1;0
1245;-217;-27;492;1;0
1246;-278;-207;492;1;0
1247;-131;-55;493;1;0
1248;-142;-178;493;1;0
1249;-202;-27;494;1;0
1250;-190;-87;494;1;0
1251;-90;-291;494;1;0
1252;-25;-292;494;1;0
1253;-178;-174;495;1;0
1254;-164;-180;495;1;0
1255;-226;-35;496;1;0
1256;-313;-184;496;1;0
1257;-89;-237;496;1;0
1258;-311;-30;497;1;0
1259;-57;-52;497;1;0
1260;-137;-124;497;1;0
1261;-10;-151;497;1;0
1262;-142;-30;498;1;0
1263;-221;-56;498;1;0
1264;-159;-109;498;1;0
1265;-110;-237;498;1;0
1266;-315;-69;499;1;0
1267;-7;-250;500;1;0
1268;-232;-293;500;1;0
1269;-205;-189;501;1;0
1270;-298;-219;501;1;0
1271;-9;-57;502;1;0
1272;-315;-114;502;1;0
1273;-274;-293;502;1;0
1274;-289;-37;504;1;0
1275;-307;-49;504;1;0
1276;-289;-77;504;1;0
1277;-194;-101;504;1;0
1278;-47;-145;504;1;0
1279;-266;-29;505;1;0
1280;-122;-75;505;1;0
1281;-193;-88;505;1;0
1282;-98;-197;505;1;0
1283;-8;-85;506;1;0
1284;-67;-130;506;1;0
1285;-123;-152;506;1;0
1286;-143;-203;506;1;0
1287;-167;-287;507;1;0
1288;-20;-292;507;1;0
1289;-54;-126;508;1;0
1290;-222;-126;509;1;0
1291;-313;-189;509;1;0
1292;-18;-199;509;1;0
1293;-299;-232;509;1;0
1294;-178;-293;509;1;0
1295;-66;-34;510;1;0
1296;-289;-100;511;1;0
1297;-66;-111;511;1;0
1298;-308;-126;511;1;0
1299;-159;-195;511;1;0
1300;-96;-294;511;1;0
1301;-63;-126;512;1;0
1302;-7;-55;513;1;0
1303;-20;-71;513;1;0
1304;-136;-91;513;1;0
1305;-308;-102;513;1;0
1306;-251;-115;513;1;0
1307;-235;-128;513;1;0
1308;-305;-255;513;1;0
1309;-312;-185;514;1;0
1310;-210;-223;514;1;0
1311;-260;-43;515;1;0
1312;-48;-184;515;1;0
1313;-20;-199;515;1;0
1314;-177;-201;515;1;0
1315;-77;-38;517;1;0
1316;-37;-51;519;1;0
1317;-6;-126;519;1;0
1318;-198;-174;519;1;0
1319;-9;-273;519;1;0
1320;-258;-31;520;1;0
1321;-272;-251;520;1;0
1322;-246;-162;521;1;0
1323;-58;-169;521;1;0
1324;-293;-223;521;1;0
1325;-269;-238;521;1;0
1326;-136;-290;521;1;0
1327;-229;-170;523;1;0
1328;-13;-286;523;1;0
1329;-82;-53;524;1;0
1330;-19;-174;524;1;0
1331;-77;-294;525;1;0
1332;-135;-43;526;1;0
1333;-310;-60;526;1;0
1334;-239;-173;526;1;0
1335;-240;-245;526;1;0
1336;-122;-34;527;1;0
1337;-222;-96;527;1;0
1338;-151;-215;527;1;0
1339;-170;-31;528;1;0
1340;-224;-127;528;1;0
1341;-56;-291;529;1;0
1342;-188;-291;529;1;0
1343;-315;-42;531;1;0
1344;-311;-128;531;1;0
1345;-314;-169;531;1;0
1346;-73;-239;531;1;0
1347;-99;-201;532;1;0
1348;-221;-289;532;1;0
1349;-314;-109;533;1;0
1350;-258;-76;534;1;0
1351;-227;-292;534;1;0
1352;-149;-197;535;1;0
1353;-163;-28;537;1;0
1354;-194;-121;537;1;0
1355;-28;-153;537;1;0
1356;-186;-29;538;1;0
1357;-197;-266;538;1;0
1358;-14;-29;539;1;0
1359;-315;-248;539;1;0
1360;-286;-287;539;1;0
1361;-312;-77;540;1;0
1362;-70;-90;540;1;0
1363;-91;-102;540;1;0
1364;-203;-165;540;1;0
1365;-282;-196;540;1;0
1366;-314;-222;540;1;0
1367;-154;-95;541;1;0
1368;-48;-293;541;1;0
1369;-113;-286;542;1;0
1370;-137;-30;543;1;0
1371;-165;-91;543;1;0
1372;-28;-293;543;1;0
1373;-266;-294;543;1;0
1374;-236;-149;544;1;0
1375;-313;-156;544;1;0
1376;-161;-121;545;1;0
1377;-145;-180;546;1;0
1378;-125;-241;546;1;0
1379;-183;-60;547;1;0
1380;-264;-142;547;1;0
1381;-129;-290;547;1;0
1382;-7;-175;548;1;0
1383;-299;-279;548;1;0
1384;-77;-229;549;1;0
1385;-7;-255;549;1;0
1386;-195;-54;550;1;0
1387;-230;-139;550;1;0
1388;-192;-159;550;1;0
1389;-117;-189;550;1;0
1390;-113;-290;550;1;0
1391;-93;-292;551;1;0
1392;-141;-30;552;1;0
1393;-310;-134;552;1;0
1394;-106;-247;552;1;0
1395;-294;-292;553;1;0
1396;-310;-32;554;1;0
1397;-150;-123;555;1;0
1398;-273;-138;555;1;0
1399;-191;-261;555;1;0
1400;-9;-96;556;1;0
1401;-63;-236;556;1;0
1402;-225;-289;557;1;0
1403;-92;-119;558;1;0
1404;-234;-290;558;1;0
1405;-122;-33;559;1;0
1406;-208;-235;559;1;0
1407;-200;-243;559;1;0
1408;-276;-291;559;1;0
1409;-292;-32;560;1;0
1410;-314;-93;561;1;0
1411;-162;-151;561;1;0
1412;-249;-102;562;1;0
1413;-227;-238;563;1;0
1414;-259;-290;563;1;0
1415;-6;-292;565;1;0
1416;-101;-122;567;1;0
1417;-279;-256;568;1;0
1418;-25;-293;568;1;0
1419;-278;-291;571;1;0
1420;-120;-90;572;1;0
1421;-315;-200;572;1;0
1422;-251;-291;572;1;0
1423;-11;-28;573;1;0
1424;-178;-211;573;1;0
1425;-70;-293;574;1;0
1426;-313;-66;575;1;0
1427;-98;-292;575;1;0
1428;-310;-291;576;1;0
1429;-196;-295;576;1;0
1430;-65;-211;577;1;0
1431;-143;-291;577;1;0
1432;-8;-61;579;1;0
1433;-64;-159;579;1;0
1434;-138;-291;580;1;0
1435;-310;-37;581;1;0
1436;-139;-59;581;1;0
1437;-307;-79;581;1;0
1438;-315;-233;581;1;0
1439;-120;-142;582;1;0
1440;-291;-232;582;1;0
1441;-181;-293;582;1;0
1442;-6;-70;583;1;0
1443;-117;-87;583;1;0
1444;-218;-220;583;1;0
1445;-125;-293;583;1;0
1446;-89;-47;584;1;0
1447;-292;-57;584;1;0
1448;-7;-185;584;1;0
1449;-309;-210;584;1;0
1450;-10;-229;584;1;0
1451;-8;-272;584;1;0
1452;-239;-36;585;1;0
1453;-194;-98;585;1;0
1454;-70;-121;585;1;0
1455;-188;-203;585;1;0
1456;-209;-210;585;1;0
1457;-197;-285;585;1;0
1458;-249;-291;585;1;0
1459;-17;-44;586;1;0
1460;-275;-102;586;1;0
1461;-190;-141;586;1;0
1462;-315;-158;586;1;0
1463;-14;-167;586;1;0
1464;-284;-197;586;1;0
1465;-250;-205;586;1;0
1466;-56;-231;586;1;0
1467;-186;-268;586;1;0
1468;-144;-33;587;1;0
1469;-245;-48;587;1;0
1470;-283;-59;587;1;0
1471;-167;-90;587;1;0
1472;-154;-102;587;1;0
1473;-18;-119;587;1;0
1474;-74;-152;587;1;0
1475;-177;-165;587;1;0
1476;-240;-179;587;1;0
1477;-253;-210;587;1;0
1478;-280;-279;587;1;0
1479;-71;-30;588;1;0
1480;-184;-32;588;1;0
1481;-162;-39;588;1;0
1482;-308;-57;588;1;0
1483;-275;-75;588;1;0
1484;-176;-107;588;1;0
1485;-314;-111;588;1;0
1486;-14;-114;588;1;0
1487;-133;-162;588;1;0
1488;-98;-164;588;1;0
1489;-56;-167;588;1;0
1490;-18;-171;588;1;0
1491;-222;-186;588;1;0
1492;-168;-200;588;1;0
1493;-184;-213;588;1;0
1494;-201;-237;588;1;0
1495;-92;-30;589;1;0
1496;-298;-37;589;1;0
1497;-198;-63;589;1;0
1498;-235;-72;589;1;0
1499;-180;-96;589;1;0
1500;-119;-130;589;1;0
1501;-114;-154;589;1;0
1502;-121;-160;589;1;0
1503;-234;-166;589;1;0
1504;-160;-240;589;1;0
1505;-173;-275;589;1;0
1506;-105;-29;590;1;0
1507;-52;-34;590;1;0
1508;-183;-46;590;1;0
1509;-109;-62;590;1;0
1510;-221;-62;590;1;0
1511;-49;-65;590;1;0
1512;-109;-66;590;1;0
1513;-219;-71;590;1;0
1514;-99;-92;590;1;0
1515;-230;-99;590;1;0
1516;-194;-120;590;1;0
1517;-234;-120;590;1;0
1518;-40;-122;590;1;0
1519;-13;-133;590;1;0
1520;-256;-146;590;1;0
1521;-183;-150;590;1;0
1522;-157;-152;590;1;0
1523;-201;-152;590;1;0
1524;-16;-157;590;1;0
1525;-164;-166;590;1;0
1526;-270;-174;590;1;0
1527;-156;-179;590;1;0
1528;-198;-199;590;1;0
1529;-65;-200;590;1;0
1530;-230;-217;590;1;0
1531;-64;-249;590;1;0
1532;-297;-249;590;1;0
1533;-97;-54;591;1;0
1534;-72;-90;591;1;0
1535;-96;-129;591;1;0
1536;-246;-131;591;1;0
1537;-182;-137;591;1;0
1538;-22;-167;591;1;0
1539;-169;-189;591;1;0
1540;-201;-216;591;1;0
1541;-81;-272;591;1;0
1542;-249;-275;591;1;0
1543;-21;-292;591;1;0
1544;-236;-292;591;1;0
1545;-40;-293;591;1;0
1546;-164;-47;8;3;0
1547;-166.333;-49.3333;7.33333;3;0
1548;-25;-82;8;3;0
1549;-196;-94;8;3;0
1550;-154;-109;8;3;0
1551;-77.3333;-151.667;8;3;0
1552;-102.667;-145;8.66667;3;0
1553;-76;-231;9;3;0
1554;-236;-245;9;3;0
1555;-46;-94;10;3;0
1556;-14;-104;10;3;0
1557;-144;-194;10;3;0
1558;-144.667;-267.667;9.66667;3;0
1559;-248;-130;11;3;0
1560;-19;-131;11;3;0
1561;-16;-151;11;3;0
1562;-84;-194;12;3;0
1563;-232;-216;12;3;0
1564;-268;-68;13;3;0
1565;-146;-55;14;3;0
1566;-66.3333;-57.3333;13.3333;3;0
1567;-158;-58;14;3;0
1568;-170.333;-130.333;14;3;0
1569;-47;-206;14;3;0
1570;-241.333;-106.333;15;3;0
1571;-285;-212;15;3;0
1572;-126;-220;15;3;0
1573;-63.6667;-238.333;14.3333;3;0
1574;-249.333;-158.667;16;3;0
1575;-29;-197;16;3;0
1576;-303;-199;16;3;0
1577;-84;-52;17;3;0
1578;-296;-159;17;3;0
1579;-130;-219;17;3;0
1580;-271;-289;17;3;0
1581;-46;-41;18;3;0
1582;-193;-64;18;3;0
1583;-103;-179;18;3;0
1584;-275.667;-202.333;17.3333;3;0
1585;-80;-281;18;3;0
1586;-92;-69;19;3;0
1587;-137;-49;20;3;0
1588;-164.667;-143.667;19.3333;3;0
1589;-311.333;-57.5;19.3333;4;0
1590;-237;-212;21;3;0
1591;-139;-279.333;20.3333;3;0
1592;-309.333;-54.5;20.8333;6;0
1593;-21;-266;22;3;0
1594;-105.667;-269.667;21.3333;3;0
1595;-304;-48;23;3;0
1596;-307.333;-51.5;21.5;4;0
1597;-131.667;-119.333;22.3333;3;0
1598;-193;-62;24;3;0
1599;-93;-69;24;3;0
1600;-127;-119;24;3;0
1601;-189.667;-260.667;23.3333;3;0
1602;-95;-90;25;3;0
1603;-198.667;-236.333;25.3333;3;0
1604;-108;-257;26;3;0
1605;-298;-41;27;3;0
1606;-267;-93;27;3;0
1607;-199.333;-135.333;26.6667;3;0
1608;-268;-165;27;3;0
1609;-20;-200;27;3;0
1610;-299.333;-271;26.6667;3;0
1611;-192;-51;28;3;0
1612;-157;-145;28;3;0
1613;-30;-36;29;3;0
1614;-191;-126;29;3;0
1615;-309;-143;28;4;0
1616;-148;-202;29;3;0
1617;-34;-259;29;3;0
1618;-90;-47;31;3;0
1619;-307;-148;31;3;0
1620;-106;-177;31;3;0
1621;-40;-196;31;3;0
1622;-258;-197;32;3;0
1623;-12;-214;33;3;0
1624;-88;-42;34;3;0
1625;-88;-46;34;3;0
1626;-311;-149;34;3;0
1627;-289;-97;35;3;0
1628;-305;-155;35;3;0
1629;-40.3333;-234.333;35;5;0
1630;-100.667;-49.3333;37;3;0
1631;-37;-151;37;3;0
1632;-257;-36;38;3;0
1633;-27;-37.3333;38.3333;3;0
1634;-157;-147;39;3;0
1635;-44;-192;39;3;0
1636;-119;-230;39;3;0
1637;-275.333;-277.333;38.6667;3;0
1638;-187.333;-279.667;38.3333;3;0
1639;-310;-104;40;3;0
1640;-256;-192;40;3;0
1641;-294;-174;41;3;0
1642;-296;-176;41;3;0
1643;-48;-178;41;3;0
1644;-12;-239;41;3;0
1645;-213;-98;42;3;0
1646;-297;-98;42;3;0
1647;-20.3333;-124.667;41.6667;3;0
1648;-93;-147;42;3;0
1649;-60;-82.3333;42.6667;3;0
1650;-214;-271;43;3;0
1651;-144;-286;43;3;0
1652;-255;-85;44;3;0
1653;-246;-150;44;3;0
1654;-228.333;-178.333;44.6667;3;0
1655;-41;-210;45;3;0
1656;-221.667;-38.6667;45.6667;3;0
1657;-150;-73;46;3;0
1658;-176;-136;46;3;0
1659;-118;-42;47;3;0
1660;-50;-126;47;3;0
1661;-17;-128;47;3;0
1662;-197.667;-188;46.6667;3;0
1663;-156;-205;47;3;0
1664;-302;-230;47;3;0
1665;-181;-274;47;3;0
1666;-175.333;-277.667;46.3333;3;0
1667;-193.667;-73.3333;47.3333;3;0
1668;-255;-134;48;3;0
1669;-296;-218;48;3;0
1670;-57;-278;48;3;0
1671;-166.667;-114.333;48.6667;3;0
1672;-178.5;-272.5;48.5;4;0
1673;-266;-275;49;3;0
1674;-17;-280;49;3;0
1675;-308.667;-203.333;49.6667;3;0
1676;-235;-277;50;3;0
1677;-190;-112;51;3;0
1678;-279;-140;51;3;0
1679;-173.5;-199.5;50.5;4;0
1680;-173;-271;51;3;0
1681;-103.333;-108.667;51.3333;3;0
1682;-95;-216;52;3;0
1683;-79;-235;52;3;0
1684;-187.333;-240.667;51.3333;3;0
1685;-82.6667;-170.667;52.6667;3;0
1686;-73.6667;-58.3333;54;3;0
1687;-246;-235;54;3;0
1688;-66;-70;55;3;0
1689;-297;-215;55;3;0
1690;-98;-283;55;3;0
1691;-164;-50;56;3;0
1692;-20;-177;56;3;0
1693;-134;-210;57;3;0
1694;-298;-281;57;3;0
1695;-175.667;-35;57.6667;3;0
1696;-162.667;-70.3333;57.6667;3;0
1697;-32;-81;58;3;0
1698;-230.667;-110.333;57.3333;3;0
1699;-205;-189;58;3;0
1700;-62;-51;59;3;0
1701;-131.333;-37;59.3333;3;0
1702;-35.3333;-215;59.6667;3;0
1703;-67;-233;61;3;0
1704;-147;-42;62;3;0
1705;-51;-68;62;3;0
1706;-140;-162;62;3;0
1707;-261;-36.3333;62.6667;3;0
1708;-32.3333;-153;64.6667;3;0
1709;-234;-64;66;3;0
1710;-17;-98;66;3;0
1711;-57;-118.667;65.6667;3;0
1712;-213;-179;66;3;0
1713;-232;-204.333;65.6667;3;0
1714;-83;-239;66;3;0
1715;-95;-262;66;3;0
1716;-171.667;-183.333;66.3333;3;0
1717;-168;-191;67;3;0
1718;-132;-254;67;3;0
1719;-96;-260;67;3;0
1720;-232;-279;67;3;0
1721;-175;-61;68;3;0
1722;-88;-164;68;3;0
1723;-95;-257;68;3;0
1724;-300;-82;69;4;0
1725;-268;-186;69;3;0
1726;-120;-189;69;3;0
1727;-241;-194;69;3;0
1728;-28;-41;70;3;0
1729;-52;-219;70;3;0
1730;-115;-275;70;3;0
1731;-303.667;-77.3333;71;3;0
1732;-38;-177;71;3;0
1733;-272.667;-234.667;70.3333;3;0
1734;-305;-248;71;3;0
1735;-99.3333;-91.3333;71.3333;3;0
1736;-146.667;-110.667;71.6667;3;0
1737;-304;-155;72;3;0
1738;-94.6667;-165.333;71.3333;3;0
1739;-63;-191;72;3;0
1740;-290.667;-218;71.6667;3;0
1741;-16;-258;72;3;0
1742;-294;-271;72;3;0
1743;-303.895;-83.4211;70.8421;7;0
1744;-208;-71;74;3;0
1745;-116;-187;74;3;0
1746;-299.833;-78.5;74;5;0
1747;-28;-261;75;3;0
1748;-106.667;-82.6667;75.6667;3;0
1749;-302.5;-157.667;75.3333;4;0
1750;-76;-262;76;3;0
1751;-216;-263;76;3;0
1752;-191.333;-87.6667;76.3333;3;0
1753;-137;-124.667;76.3333;3;0
1754;-27;-261;77;3;0
1755;-62.6667;-283.667;76.6667;3;0
1756;-299;-160;78;3;0
1757;-118;-196;78;3;0
1758;-146.333;-235.333;77.6667;3;0
1759;-184;-257;78;3;0
1760;-100.333;-86.6667;78.6667;3;0
1761;-29;-263;79;3;0
1762;-252.667;-200.333;79.3333;3;0
1763;-307;-213;80;3;0
1764;-228;-258;80;3;0
1765;-132.333;-75.6667;80.3333;3;0
1766;-10;-193;81;3;0
1767;-182.25;-87;81.5;4;0
1768;-272;-229;82;3;0
1769;-228;-101;83;3;0
1770;-9;-193;83;3;0
1771;-21;-216;83;3;0
1772;-182;-83;84;3;0
1773;-186;-90;84;3;0
1774;-119.333;-152;83.6667;3;0
1775;-69;-257;84;3;0
1776;-64;-39;85;3;0
1777;-289;-97;85;3;0
1778;-166;-112;85;3;0
1779;-219;-225;85;3;0
1780;-288.333;-257.667;84.3333;3;0
1781;-185;-91;86;3;0
1782;-164;-259;86;3;0
1783;-135;-287;86;3;0
1784;-300;-49;87;3;0
1785;-92.6667;-44.3333;87.6667;3;0
1786;-118;-152;88;3;0
1787;-31;-49;90;3;0
1788;-64.3333;-95.3333;89.3333;3;0
1789;-259.333;-137;89.6667;3;0
1790;-222;-221;90;3;0
1791;-179;-195;91;3;0
1792;-141;-43;92;3;0
1793;-232.333;-258.333;91.3333;3;0
1794;-43;-273;92;3;0
1795;-185;-43.3333;92.3333;3;0
1796;-280.667;-166.333;92.6667;3;0
1797;-115.667;-212.667;93.6667;3;0
1798;-187;-282;94;3;0
1799;-268;-37;95;3;0
1800;-169;-101;95;3;0
1801;-116;-93;96;3;0
1802;-107.333;-140.667;95.6667;3;0
1803;-122;-265;96;3;0
1804;-283;-280;96;3;0
1805;-21.6667;-152.667;96.3333;3;0
1806;-208;-161;97;3;0
1807;-40.3333;-178.667;96.3333;3;0
1808;-121;-48;98;3;0
1809;-220;-97;98;3;0
1810;-249;-203;98;3;0
1811;-47;-278;98;3;0
1812;-30;-55;99;3;0
1813;-243;-63;99;3;0
1814;-16.3333;-63.3333;98.6667;3;0
1815;-251;-95;99;3;0
1816;-264.667;-161.333;99.6667;4;0
1817;-129;-261;100;3;0
1818;-231;-262.333;99.6667;3;0
1819;-28;-55;101;3;0
1820;-311;-179;101;3;0
1821;-232.667;-37.6667;101.333;3;0
1822;-112;-89;102;3;0
1823;-62;-210.333;101.667;3;0
1824;-15;-94.6667;102.333;3;0
1825;-75;-123;104;3;0
1826;-168;-131;104;3;0
1827;-69.6667;-139.667;103.333;3;0
1828;-136;-276;104;3;0
1829;-238.333;-280.667;104;3;0
1830;-65.6667;-118.667;105;3;0
1831;-273.667;-232.333;104.667;3;0
1832;-245;-279;105;3;0
1833;-178.333;-79;105.667;3;0
1834;-250.667;-131.333;105.667;3;0
1835;-300.333;-178.333;105.333;3;0
1836;-279;-272;106;3;0
1837;-252;-282;106;3;0
1838;-117;-157;107;3;0
1839;-154;-174;107;3;0
1840;-95.3333;-217.667;107.333;3;0
1841;-157;-229;108;3;0
1842;-232;-255;108;3;0
1843;-57;-88;109;3;0
1844;-42;-122;109;3;0
1845;-72;-133;109;3;0
1846;-156.667;-159.333;109.333;3;0
1847;-266.667;-189.667;109.333;3;0
1848;-123;-251;110;3;0
1849;-18;-258;110;3;0
1850;-52;-279;110;3;0
1851;-147.333;-38.6667;110.333;3;0
1852;-300;-39;111;3;0
1853;-60;-143;111;3;0
1854;-144.5;-41.5;111.5;4;0
1855;-155;-43;112;3;0
1856;-189.667;-122;111.333;3;0
1857;-211;-154;112;3;0
1858;-244.667;-221.667;111.333;3;0
1859;-146;-228;112;3;0
1860;-186;-39;113;3;0
1861;-80.1667;-80.5;111.5;4;0
1862;-135.333;-178;112.333;3;0
1863;-86.3333;-64.3333;113.333;3;0
1864;-225;-113;114;3;0
1865;-307;-204;114;3;0
1866;-166;-224;114;3;0
1867;-269;-281;114;3;0
1868;-245;-119;115;3;0
1869;-312;-173;115;3;0
1870;-227;-239;115;3;0
1871;-43;-65;116;3;0
1872;-81.8333;-84.3333;114.667;7;0
1873;-304;-130;116;3;0
1874;-22;-183;116;3;0
1875;-57;-184;116;3;0
1876;-144;-41;117;3;0
1877;-261;-90;117;3;0
1878;-137;-233;117;3;0
1879;-108;-250;118;3;0
1880;-99;-245;119;3;0
1881;-203;-143;120;3;0
1882;-285.667;-152.667;119.333;3;0
1883;-271.667;-73.6667;120.667;3;0
1884;-314;-169;121;3;0
1885;-57;-175;121;3;0
1886;-275;-215;121;3;0
1887;-124;-81;122;3;0
1888;-14.6667;-134.333;122.667;3;0
1889;-132;-209;123;3;0
1890;-75;-33;124;3;0
1891;-254.333;-45.3333;123.667;3;0
1892;-303;-209;125;3;0
1893;-288;-259;125;3;0
1894;-264;-43;126;3;0
1895;-29.6667;-124;125.333;3;0
1896;-195;-189;126;3;0
1897;-84.6667;-287.667;125.667;3;0
1898;-62;-162;127;3;0
1899;-248;-174;127;3;0
1900;-86.3333;-190.667;127;3;0
1901;-296;-264;127;3;0
1902;-192;-288;127;3;0
1903;-286;-54;128;3;0
1904;-58;-277;128;3;0
1905;-71.6667;-283.333;127.333;3;0
1906;-192.333;-37;128.333;3;0
1907;-267.75;-39.5;128.25;4;0
1908;-73.6667;-96.6667;128.333;3;0
1909;-112;-269;129;3;0
1910;-282;-270.667;128.333;3;0
1911;-33;-218;130;3;0
1912;-285;-251;130;3;0
1913;-229.667;-283.333;129.333;3;0
1914;-229;-77;131;3;0
1915;-258.333;-124.333;130.667;3;0
1916;-100;-245;131;3;0
1917;-57;-277;131;3;0
1918;-34;-53;132;3;0
1919;-113.667;-142.667;131.333;3;0
1920;-27.3333;-173.333;132.333;3;0
1921;-31;-52;134;3;0
1922;-24;-167;134;3;0
1923;-97.3333;-176.333;133.333;3;0
1924;-122;-129;135;3;0
1925;-184;-153;135;3;0
1926;-159;-218.667;134.333;3;0
1927;-21.6667;-285.333;134.333;3;0
1928;-78;-137;137;3;0
1929;-24;-168;137;3;0
1930;-261;-203;137;3;0
1931;-293;-205;137;3;0
1932;-15.3333;-285.667;136.333;3;0
1933;-98.6667;-208.667;138;3;0
1934;-247;-62;139;3;0
1935;-164;-69.3333;138.667;3;0
1936;-115.333;-75.6667;139.667;3;0
1937;-255.333;-154.667;139.333;3;0
1938;-200;-250;140;3;0
1939;-229.333;-283;139.667;3;0
1940;-145;-42;141;3;0
1941;-74;-220;141;3;0
1942;-210;-251;141;3;0
1943;-297;-63;142;3;0
1944;-14;-183;142;3;0
1945;-297.5;-155.5;142.5;4;0
1946;-216;-80.6667;143.667;3;0
1947;-309;-105;144;3;0
1948;-312;-225;144;3;0
1949;-305.667;-84.3333;145;3;0
1950;-208;-94;145;3;0
1951;-159;-275;145;3;0
1952;-232.667;-285;144.667;3;0
1953;-161;-65.6667;145.667;3;0
1954;-115;-168.333;145.333;3;0
1955;-248.333;-245.667;145.667;3;0
1956;-124;-78;147;3;0
1957;-146.333;-135.667;146.333;3;0
1958;-108;-40;148;3;0
1959;-202.333;-172.333;147.333;3;0
1960;-222;-210.333;147.333;3;0
1961;-239;-232;148;3;0
1962;-51;-266;148;3;0
1963;-288;-286.333;147.333;3;0
1964;-304.333;-44.3333;149;3;0
1965;-228;-139;149;3;0
1966;-223.4;-289.4;148;6;0
1967;-123.667;-32;149.333;3;0
1968;-277.333;-84.3333;149.333;3;0
1969;-145.667;-253.667;149.667;3;0
1970;-287.667;-149.667;150.333;3;0
1971;-238;-289;151;3;0
1972;-109.333;-166.667;151.333;3;0
1973;-294.333;-175.667;152;3;0
1974;-246;-228;152;3;0
1975;-105;-68;154;3;0
1976;-25;-233;154;3;0
1977;-179;-39;155;3;0
1978;-292;-171;155;3;0
1979;-125;-199.667;154.667;3;0
1980;-168;-71;156;3;0
1981;-269.333;-158.333;155.333;3;0
1982;-47.6667;-195.333;155.333;3;0
1983;-219;-243;156;3;0
1984;-243;-285;156;3;0
1985;-225.333;-39.3333;156.667;3;0
1986;-50;-92;157;3;0
1987;-200;-187;157;3;0
1988;-54;-206;157;3;0
1989;-151;-223;157;3;0
1990;-220;-47;158;3;0
1991;-190.667;-118.667;157.667;3;0
1992;-185;-258.333;157.333;3;0
1993;-60;-173.333;158.333;3;0
1994;-13;-253;159;3;0
1995;-253;-273;159;3;0
1996;-39;-35;160;3;0
1997;-83;-108;160;3;0
1998;-187.667;-121.333;159.333;3;0
1999;-277;-48;162;3;0
2000;-83.3333;-135.333;161.333;3;0
2001;-55;-144;162;3;0
2002;-152;-194.333;161.333;3;0
2003;-272.8;-46.6;161.4;5;0
2004;-303;-137;163;3;0
2005;-271;-164;163;3;0
2006;-46;-267;163;3;0
2007;-50;-36;164;3;0
2008;-116.333;-109.667;163.667;3;0
2009;-146.667;-228.333;163.333;3;0
2010;-53.3333;-260.333;163.667;3;0
2011;-133;-280;164;3;0
2012;-148;-42;165;3;0
2013;-223;-157;165;3;0
2014;-131;-160;165;3;0
2015;-120.333;-268.667;164.333;3;0
2016;-185;-269;165;3;0
2017;-21;-178;166;3;0
2018;-35.6667;-189;165.333;3;0
2019;-233.667;-87.3333;166.667;3;0
2020;-185.333;-128.667;166.333;3;0
2021;-104.667;-167.333;166.667;3;0
2022;-111.333;-253.333;167.667;3;0
2023;-122.333;-86.3333;168.667;3;0
2024;-267.5;-116.167;168.167;4;0
2025;-137;-151.333;168.667;3;0
2026;-177.333;-155.667;168.667;3;0
2027;-302;-211;169;3;0
2028;-214.667;-245.333;168.333;3;0
2029;-173;-279;169;3;0
2030;-31;-33;170;3;0
2031;-302.667;-54.3333;169.333;3;0
2032;-173;-283;168.75;4;0
2033;-62;-208;171;3;0
2034;-287;-255;171;3;0
2035;-293.333;-285.333;171.667;3;0
2036;-77;-247;173;3;0
2037;-93.3333;-70.6667;173.667;3;0
2038;-227;-166;174;3;0
2039;-85.3333;-60.6667;174.667;3;0
2040;-249.667;-206.333;174.667;3;0
2041;-240;-75;176;3;0
2042;-278.667;-82.6667;175.667;3;0
2043;-42.3333;-150.667;175.667;3;0
2044;-99.6667;-286.333;176;3;0
2045;-161;-75;177;3;0
2046;-28;-109;177;3;0
2047;-213;-120;177;3;0
2048;-156;-180;177;3;0
2049;-145;-225;179;3;0
2050;-165;-234;179;3;0
2051;-208;-119;180;3;0
2052;-39;-87;181;3;0
2053;-66;-250;181;3;0
2054;-53;-88;182;3;0
2055;-95;-107;182;3;0
2056;-253.333;-175.333;181.667;3;0
2057;-100;-206;183;3;0
2058;-277.667;-217;183.333;3;0
2059;-277;-258;184;3;0
2060;-89;-281;185;3;0
2061;-79.6667;-46.3333;185.333;3;0
2062;-128.333;-47.6667;185.667;3;0
2063;-310;-96;186;3;0
2064;-202;-108;186;3;0
2065;-297;-149;186;3;0
2066;-244;-170;186;3;0
2067;-202.667;-274.667;185.333;3;0
2068;-75.3333;-202.667;186.667;3;0
2069;-34;-78;188;3;0
2070;-211;-143;188;3;0
2071;-261;-257;188;3;0
2072;-196.333;-190.333;188.333;3;0
2073;-81.6667;-272.333;188.667;3;0
2074;-273;-56;190;3;0
2075;-149.333;-91.6667;189.333;3;0
2076;-46;-180;190;3;0
2077;-98;-210;191;3;0
2078;-72.6667;-128.667;191.667;3;0
2079;-19;-194;192;3;0
2080;-108.667;-239.667;191.667;3;0
2081;-217.667;-250.333;191.667;3;0
2082;-256.167;-286.667;192;5;0
2083;-295.667;-65.3333;193;3;0
2084;-205;-76;193;3;0
2085;-257;-92;193;3;0
2086;-13.3333;-122.333;192.667;3;0
2087;-65;-249.333;192.667;3;0
2088;-203;-32;194;3;0
2089;-289.333;-59.3333;194;3;0
2090;-79;-119;194;3;0
2091;-305.333;-131.333;193.667;3;0
2092;-292;-219;194;3;0
2093;-64.3333;-256.667;194;3;0
2094;-288.667;-149.667;194.333;3;0
2095;-58;-187;195;3;0
2096;-24;-221;195;3;0
2097;-16;-275;195;3;0
2098;-247;-282;195;3;0
2099;-114.667;-150.667;195.333;3;0
2100;-241.667;-73.3333;196.667;3;0
2101;-195;-101;197;3;0
2102;-183.333;-119.333;196.667;3;0
2103;-118;-256;197;3;0
2104;-185;-136.667;197.333;3;0
2105;-240.667;-118.333;199;3;0
2106;-239;-147;199;3;0
2107;-171.667;-45.6667;199.667;3;0
2108;-49;-277;200;3;0
2109;-249.667;-106.667;200.333;3;0
2110;-141.667;-179.667;200.333;3;0
2111;-227;-239;202;3;0
2112;-295.667;-124.333;202.333;3;0
2113;-261.333;-155.333;203;3;0
2114;-305;-52.2;203;4;0
2115;-261;-49.3333;204.333;3;0
2116;-309;-49;206;3;0
2117;-267.667;-64.3333;205.667;3;0
2118;-184;-187;206;3;0
2119;-150;-41;207;3;0
2120;-236;-218;207;3;0
2121;-300.333;-48.3333;207.333;3;0
2122;-260;-60;208;3;0
2123;-258.333;-163.333;207.333;3;0
2124;-73;-176;208;3;0
2125;-189;-235;208;3;0
2126;-300;-263;208;3;0
2127;-179.333;-107.333;208.333;3;0
2128;-223.333;-174.333;208.667;3;0
2129;-122;-215;209;3;0
2130;-286;-257;209;3;0
2131;-59.6667;-126.333;209.667;3;0
2132;-170;-177;210;3;0
2133;-300.667;-188.667;209.667;3;0
2134;-32.3333;-212.667;209.333;3;0
2135;-195.667;-62.3333;210.333;3;0
2136;-54;-285;211;3;0
2137;-104.667;-49.3333;211.333;3;0
2138;-280;-196;212;3;0
2139;-308;-268;212;3;0
2140;-120;-243;213;3;0
2141;-130.333;-142.667;214;3;0
2142;-163;-152;214;3;0
2143;-239;-202.667;213.333;3;0
2144;-155.667;-267.333;213.667;3;0
2145;-85.3333;-76.6667;214.333;3;0
2146;-302;-153;215;3;0
2147;-289.333;-256;214.667;3;0
2148;-247;-52;216;3;0
2149;-15;-151;216;3;0
2150;-197;-224;216;3;0
2151;-274;-280.667;215.333;3;0
2152;-242;-71;217;3;0
2153;-149;-95;217;3;0
2154;-260.333;-108.333;216.333;3;0
2155;-78;-146;217;3;0
2156;-140.667;-246;216.333;3;0
2157;-303;-41;218;3;0
2158;-15;-231;218;3;0
2159;-191.667;-242.333;217.333;3;0
2160;-118;-42;219;3;0
2161;-106;-117;219;3;0
2162;-306;-150;220;3;0
2163;-56.3333;-240.333;220;3;0
2164;-176.333;-72.3333;220.667;3;0
2165;-112;-81;222;3;0
2166;-232;-88;222;3;0
2167;-23;-91;222;3;0
2168;-67.6667;-214.333;222.667;3;0
2169;-9;-73;224;3;0
2170;-117;-91;224;3;0
2171;-240.667;-80.6667;224.333;3;0
2172;-210;-272;225;3;0
2173;-56.6667;-102.333;225.667;3;0
2174;-213;-167;226;3;0
2175;-21;-191;226;3;0
2176;-232;-48;227;3;0
2177;-229;-124;227;3;0
2178;-23;-212;227;3;0
2179;-47.6667;-230.667;226.333;3;0
2180;-126;-184;228;3;0
2181;-279;-245;228;3;0
2182;-43;-47;229;3;0
2183;-161.667;-100;228.333;3;0
2184;-163;-191;229;3;0
2185;-307;-54;230;3;0
2186;-263;-133;230;3;0
2187;-264.667;-83.3333;230.333;3;0
2188;-170;-138;231;3;0
2189;-94;-106;232;3;0
2190;-217;-113;232;3;0
2191;-210;-126;232;3;0
2192;-213;-235;232;3;0
2193;-135;-190;233;3;0
2194;-156.667;-206.667;232.333;3;0
2195;-219.333;-157.667;234.333;3;0
2196;-73;-197;235;3;0
2197;-267;-242;235;3;0
2198;-143;-38;236;3;0
2199;-48.6667;-268.333;235.333;3;0
2200;-175;-255;237;3;0
2201;-19;-97;238;3;0
2202;-256.333;-222.667;237.667;3;0
2203;-174;-244;238;3;0
2204;-131;-254;238;3;0
2205;-10;-280;238;3;0
2206;-42.3333;-81.6667;238.333;3;0
2207;-23.6667;-180.667;238.667;3;0
2208;-200.667;-73.6667;239.667;3;0
2209;-274;-161;240;3;0
2210;-177;-280;240;3;0
2211;-110;-281;240;3;0
2212;-262.333;-104.667;240.333;3;0
2213;-35;-285;241;3;0
2214;-159.667;-58.6667;241.333;3;0
2215;-161;-284;242;3;0
2216;-79.6667;-195.333;242.333;3;0
2217;-130.667;-199.667;242.333;3;0
2218;-52;-274;243;3;0
2219;-70;-145;244;3;0
2220;-212;-148;244;3;0
2221;-96;-234;244;3;0
2222;-260;-282;244;3;0
2223;-48;-149;245;3;0
2224;-38;-38;246;3;0
2225;-78;-237;246;3;0
2226;-152.333;-236.667;246.333;3;0
2227;-303.667;-285.333;246.333;3;0
2228;-99;-178;248;3;0
2229;-189.667;-273.667;247.667;3;0
2230;-133;-42;249;3;0
2231;-38.3333;-192.667;248.667;3;0
2232;-18;-221;249;3;0
2233;-287;-278;249;3;0
2234;-171;-104;250;3;0
2235;-123.667;-149.667;249.333;3;0
2236;-132.333;-160.333;249.333;3;0
2237;-233;-61;251;3;0
2238;-93.6667;-145.333;250.333;3;0
2239;-307;-32;252;3;0
2240;-19.6667;-208.333;251.667;3;0
2241;-254;-278;252;3;0
2242;-95;-112;253;3;0
2243;-31.3333;-180.333;252.333;3;0
2244;-201;-224;253;3;0
2245;-249;-189;254;3;0
2246;-263;-132;255;3;0
2247;-128;-136;255;3;0
2248;-31;-203;255;3;0
2249;-138.667;-214.667;254.667;3;0
2250;-176;-111;256;3;0
2251;-41;-151;256;3;0
2252;-201;-39;259;3;0
2253;-200;-158;259;3;0
2254;-160;-194;260;3;0
2255;-220;-98.6667;260.333;3;0
2256;-303;-33.3333;261.333;3;0
2257;-225;-40;262;3;0
2258;-79;-46;262;3;0
2259;-161;-73;262;3;0
2260;-11.6667;-107.667;262.667;3;0
2261;-131.333;-131.333;263.667;3;0
2262;-288.667;-140;263.333;3;0
2263;-246;-167;264;3;0
2264;-193.667;-240.333;263.333;3;0
2265;-185;-42;266;3;0
2266;-83;-250.333;265.333;3;0
2267;-130;-49;267;3;0
2268;-131.667;-68.6667;268.667;3;0
2269;-47.3333;-51.3333;269.667;3;0
2270;-26;-58;270;3;0
2271;-297;-136;270;3;0
2272;-204.333;-271;269.667;3;0
2273;-123;-286;270;3;0
2274;-308;-69;271;3;0
2275;-238.667;-209.667;270.333;3;0
2276;-137.667;-271.333;270.667;3;0
2277;-143.333;-143.333;272;3;0
2278;-175.333;-170.333;271.667;3;0
2279;-63.3333;-175.333;272;3;0
2280;-86.3333;-257.333;271.333;3;0
2281;-86;-267;272;3;0
2282;-252.667;-33.3333;272.333;3;0
2283;-18;-233;273;3;0
2284;-299.333;-232.667;272.667;3;0
2285;-140;-261;273;3;0
2286;-123.667;-278.333;273;3;0
2287;-258;-244;274;3;0
2288;-241.667;-270.333;273.667;3;0
2289;-299.667;-280.667;274;3;0
2290;-257.667;-38.3333;274.667;3;0
2291;-93;-70;275;3;0
2292;-76.6667;-121;274.333;3;0
2293;-203.333;-251;274.333;3;0
2294;-21.3333;-122.667;275.333;3;0
2295;-110.667;-283.333;275.333;3;0
2296;-142;-220;277;3;0
2297;-31.6667;-39.3333;277.333;3;0
2298;-92.3333;-76.6667;277.333;3;0
2299;-151;-151;278;3;0
2300;-13;-213.333;277.667;3;0
2301;-41;-236;278;3;0
2302;-216.667;-257.333;277.667;3;0
2303;-92;-288;278;3;0
2304;-223.667;-97.3333;278.667;3;0
2305;-163.667;-256.333;278.667;3;0
2306;-219.667;-263.333;278.167;5;0
2307;-289.333;-42.3333;279.667;3;0
2308;-265.667;-51.3333;279.667;3;0
2309;-289;-57;280;3;0
2310;-208;-167;280;3;0
2311;-225;-264;280;3;0
2312;-41.6667;-60.6667;280.667;3;0
2313;-104;-206;281;3;0
2314;-272;-68;284;3;0
2315;-227;-98.3333;283.667;3;0
2316;-185;-111;284;3;0
2317;-132;-192;284;3;0
2318;-17;-210;284;3;0
2319;-301.667;-257.667;283.667;3;0
2320;-209.667;-195.667;284.333;3;0
2321;-144;-231;285;3;0
2322;-66;-233;286;3;0
2323;-253.667;-247.333;285.667;3;0
2324;-217;-43.6667;287.667;3;0
2325;-36.3333;-125.333;287.667;3;0
2326;-308;-202;288;3;0
2327;-58;-94;289;3;0
2328;-304.333;-258.333;288.333;3;0
2329;-191;-272;289;3;0
2330;-17.3333;-53.6667;289.667;3;0
2331;-187;-75;290;3;0
2332;-49;-66;291;3;0
2333;-136;-91;291;3;0
2334;-149.333;-137.333;290.333;3;0
2335;-113.5;-205;290.75;4;0
2336;-235.333;-200.333;292;3;0
2337;-229;-209;292;3;0
2338;-113;-255.333;291.667;3;0
2339;-261;-178;293;3;0
2340;-231;-211;293;3;0
2341;-311;-41;294;3;0
2342;-119;-123;294;3;0
2343;-223;-117;295;3;0
2344;-113;-176;295;3;0
2345;-261;-184;296;3;0
2346;-264;-270;296;3;0
2347;-102.667;-53.6667;297.667;3;0
2348;-299;-130;298;3;0
2349;-17;-160;298;3;0
2350;-55;-206.667;297.667;3;0
2351;-299.333;-261.333;299.667;3;0
2352;-231.25;-264;299.75;4;0
2353;-240;-85;301;3;0
2354;-22;-152;302;3;0
2355;-85;-188;302;3;0
2356;-230;-214;302;3;0
2357;-82.3333;-126;302.667;3;0
2358;-189;-182;303;3;0
2359;-192;-238;303;3;0
2360;-166.667;-132.333;303.333;3;0
2361;-266;-159;304;3;0
2362;-298.667;-173.667;303.333;3;0
2363;-264.667;-42.6667;304.667;3;0
2364;-98;-234;305;3;0
2365;-36;-36;306;3;0
2366;-228.5;-215.5;305.5;4;0
2367;-161.333;-261.333;306;3;0
2368;-65.6667;-277.333;305.333;3;0
2369;-139.667;-279.667;305.333;3;0
2370;-277.333;-90.3333;306.667;3;0
2371;-126.333;-138.333;306.667;3;0
2372;-181;-193;307;3;0
2373;-157;-259;307;3;0
2374;-303;-61;308;3;0
2375;-278.667;-123.333;307.333;3;0
2376;-84.3333;-144;307.667;3;0
2377;-101;-152;308;3;0
2378;-92;-244;308;3;0
2379;-183.8;-247;307;4;0
2380;-106;-53;309;3;0
2381;-54;-61;309;3;0
2382;-66;-155;309;3;0
2383;-301;-169;309;3;0
2384;-142.667;-281.667;308.333;3;0
2385;-45.6667;-59.6667;309.333;3;0
2386;-28;-110;310;3;0
2387;-118;-149;310;3;0
2388;-12;-190.667;309.667;3;0
2389;-182;-192;310;3;0
2390;-62;-211;310;3;0
2391;-52.6667;-63.3333;310.667;3;0
2392;-240.333;-144.667;310.333;3;0
2393;-256;-152;311;3;0
2394;-92;-37;312;3;0
2395;-207;-89;312;3;0
2396;-24;-44;313;3;0
2397;-197;-45;313;3;0
2398;-203.333;-225.333;312.333;3;0
2399;-221;-34;314;3;0
2400;-18.3333;-106.667;313.333;3;0
2401;-214;-276.333;313.333;3;0
2402;-229;-53;315;3;0
2403;-20.6667;-151.667;314.333;3;0
2404;-169.333;-187.333;314.667;3;0
2405;-189.333;-110.333;315.667;3;0
2406;-276.667;-284.667;316;3;0
2407;-90.3333;-36.6667;316.667;3;0
2408;-220.667;-42.6667;317;3;0
2409;-57;-59;317;3;0
2410;-260;-211;317;3;0
2411;-236.333;-275.667;316.667;3;0
2412;-240.667;-56.6667;317.667;3;0
2413;-231;-175;318;3;0
2414;-274;-189;318;3;0
2415;-88;-34;319;3;0
2416;-258;-89;319;3;0
2417;-248;-238;319;3;0
2418;-12;-78;320;3;0
2419;-161;-96.3333;319.333;3;0
2420;-220;-89;322;3;0
2421;-301;-142;322;3;0
2422;-22;-246;322;3;0
2423;-147.667;-159.667;322.667;3;0
2424;-214.333;-180.667;323.333;3;0
2425;-92;-230;324;3;0
2426;-89;-261.667;323.333;3;0
2427;-297.667;-32;324.333;3;0
2428;-303;-140;325;3;0
2429;-21;-240;325;3;0
2430;-248.333;-280.667;324.333;3;0
2431;-158.667;-178.667;325.333;3;0
2432;-276;-238;327;3;0
2433;-303.333;-244.667;326.667;3;0
2434;-273;-33;328;3;0
2435;-305;-60;328;3;0
2436;-190.667;-64.3333;327.667;3;0
2437;-160.667;-105;327.667;3;0
2438;-19;-156;328;3;0
2439;-67;-184;328;3;0
2440;-16;-103;329;3;0
2441;-293;-163;329;3;0
2442;-289;-252;329;3;0
2443;-293;-269;329;3;0
2444;-197;-46.3333;329.667;3;0
2445;-302;-76;330;3;0
2446;-141;-95;330;3;0
2447;-90;-217;330;3;0
2448;-120;-37;331;3;0
2449;-290.333;-84.6667;330.667;3;0
2450;-185;-204;331;3;0
2451;-280.333;-244.667;330.667;3;0
2452;-27.3333;-199;331.333;3;0
2453;-83.3333;-56.6667;332.333;3;0
2454;-234;-103;333;3;0
2455;-47.6667;-136.667;332.333;3;0
2456;-43;-280;333;3;0
2457;-128;-197;334;3;0
2458;-157;-254;334;3;0
2459;-85;-265.333;333.667;3;0
2460;-295.333;-273;333.333;3;0
2461;-23;-276;334;3;0
2462;-90;-53;335;3;0
2463;-124.333;-90.6667;334.667;3;0
2464;-240.333;-116.333;334.333;3;0
2465;-267;-40;336;3;0
2466;-249;-214.667;337.333;3;0
2467;-76;-106;339;3;0
2468;-307;-119.667;338.333;3;0
2469;-179.333;-136.333;339.333;3;0
2470;-108;-138;340;3;0
2471;-122.667;-207.667;341;3;0
2472;-24;-251;341;3;0
2473;-45;-283;341;3;0
2474;-258;-51;342;3;0
2475;-147;-114;342;3;0
2476;-158;-183.333;341.667;3;0
2477;-97;-185;343;3;0
2478;-190;-257;343;3;0
2479;-312;-103;344;3;0
2480;-83;-275;344;3;0
2481;-192;-291;344;3;0
2482;-293;-34;345;3;0
2483;-302;-38;345;3;0
2484;-83.6667;-238;344.667;3;0
2485;-151;-283;345;3;0
2486;-304;-44;346;3;0
2487;-96;-101;346;3;0
2488;-191;-132;346;3;0
2489;-242.333;-177;345.667;3;0
2490;-34;-202;346;3;0
2491;-41;-281;346;3;0
2492;-246.333;-35.6667;346.333;3;0
2493;-18;-154;347;3;0
2494;-27.3333;-47.6667;347.333;3;0
2495;-188;-197;348;3;0
2496;-108;-48;349;3;0
2497;-139.667;-244.333;348.667;3;0
2498;-49;-53;350;3;0
2499;-173.333;-81.6667;349.333;3;0
2500;-103;-184;350;3;0
2501;-215;-75;351;3;0
2502;-278;-164;351;3;0
2503;-227.667;-201.333;350.667;3;0
2504;-284.333;-263.667;350.333;3;0
2505;-246;-273;351;3;0
2506;-198;-38;353;3;0
2507;-245;-120;354;3;0
2508;-126;-196;354;3;0
2509;-185.667;-240.667;353.333;3;0
2510;-201;-263.333;353.667;3;0
2511;-126;-38;355;3;0
2512;-141.667;-34;355.333;3;0
2513;-66;-88;357;3;0
2514;-174;-197;357;3;0
2515;-31;-251;357;3;0
2516;-221;-73;358;3;0
2517;-134;-169;358;3;0
2518;-222.333;-230.667;357.667;3;0
2519;-301.333;-72.6667;358.667;3;0
2520;-200.667;-148.333;358.333;3;0
2521;-51.3333;-210.333;360;3;0
2522;-28;-252.25;359;4;0
2523;-69;-51;361;3;0
2524;-163;-148.667;360.333;3;0
2525;-131.667;-168.667;360.333;3;0
2526;-197;-283;361;3;0
2527;-258.333;-110.667;362;3;0
2528;-237;-186;362;3;0
2529;-192;-280;362;3;0
2530;-188;-85;363;3;0
2531;-300;-115;363;3;0
2532;-265.667;-118.667;363.667;3;0
2533;-72;-145.667;363.667;3;0
2534;-258.333;-74.3333;364.333;3;0
2535;-15.3333;-199.333;364.333;3;0
2536;-109.333;-233.667;364.667;3;0
2537;-186.333;-274.667;364.333;3;0
2538;-231;-33;366;3;0
2539;-83;-155.667;365.333;3;0
2540;-255;-62;367;3;0
2541;-125.333;-123;366.333;3;0
2542;-155;-137;367;3;0
2543;-236;-237;367;3;0
2544;-105;-238;367;3;0
2545;-66;-136;368;3;0
2546;-73;-287;368;3;0
2547;-228;-162;369;3;0
2548;-22.3333;-162.333;368.667;3;0
2549;-296;-75;370;3;0
2550;-292;-196;370;3;0
2551;-136.667;-256.667;369.667;3;0
2552;-54;-76;371;3;0
2553;-305.333;-166.333;370.333;3;0
2554;-22;-171;371;3;0
2555;-178;-205;371;3;0
2556;-291.667;-216.333;371;3;0
2557;-113;-66;372;3;0
2558;-42;-195;372;3;0
2559;-276.333;-203.333;372;3;0
2560;-152;-285;372;3;0
2561;-46;-288;372;3;0
2562;-227;-81;373;3;0
2563;-41;-117;373;3;0
2564;-104.667;-80.3333;373.333;3;0
2565;-273;-212;374;3;0
2566;-198;-243.667;373.667;3;0
2567;-58.6667;-261.333;373.667;3;0
2568;-293;-70;377;3;0
2569;-158;-193;377;3;0
2570;-86.6667;-215;376.333;3;0
2571;-120;-275;377;3;0
2572;-16.6667;-99.3333;377.333;3;0
2573;-58.6667;-195.333;377.333;3;0
2574;-295;-275;378;3;0
2575;-150.8;-283.4;377.2;4;0
2576;-147.333;-81.3333;378.667;3;0
2577;-191;-215;380;3;0
2578;-163;-284;380;3;0
2579;-230;-95;381;3;0
2580;-172;-288;381;3;0
2581;-241;-151;382;3;0
2582;-262.333;-171.667;383.667;3;0
2583;-29.6667;-196;383.333;3;0
2584;-192;-216;384;3;0
2585;-300;-271;385;3;0
2586;-299;-273.333;383.5;4;0
2587;-250.667;-279.667;384.333;3;0
2588;-294;-143;386;3;0
2589;-110;-184;386;3;0
2590;-92;-266;386;3;0
2591;-95;-165;387;3;0
2592;-253;-49;388;3;0
2593;-134;-58;388;3;0
2594;-248.333;-141.333;387.667;3;0
2595;-245;-49;389;3;0
2596;-62;-77;389;3;0
2597;-129;-102;389;3;0
2598;-65.6667;-152;388.667;3;0
2599;-155;-177;389;3;0
2600;-50;-53;391;3;0
2601;-177;-127;391;3;0
2602;-268;-45;392;3;0
2603;-138;-234;393;3;0
2604;-256;-237;393;3;0
2605;-113;-38;394;3;0
2606;-45;-53;394;3;0
2607;-302;-257;394;3;0
2608;-239.667;-261.333;394;3;0
2609;-298;-266;394;3;0
2610;-61.3333;-286.667;393.333;3;0
2611;-288.667;-31;394.667;3;0
2612;-269.333;-39.3333;394.667;3;0
2613;-226;-44;395;3;0
2614;-200;-48;395;3;0
2615;-151.333;-53.6667;394.333;3;0
2616;-237;-132;395;3;0
2617;-105;-145;395;3;0
2618;-94;-179;395;3;0
2619;-171.667;-51.3333;396;3;0
2620;-232.667;-194;395.667;3;0
2621;-29.6667;-246.333;395.667;3;0
2622;-181;-44;397;3;0
2623;-115;-47;397;3;0
2624;-50.3333;-156.667;396.667;3;0
2625;-246;-272;397;3;0
2626;-179;-138.333;397.333;3;0
2627;-194;-171;398;3;0
2628;-129.333;-196.333;398;3;0
2629;-134;-247;398;3;0
2630;-79.3333;-253;397.333;3;0
2631;-71;-41;399;3;0
2632;-18;-88;400;3;0
2633;-144.333;-110.667;399.667;3;0
2634;-154;-155;400;3;0
2635;-133;-194;400;3;0
2636;-32;-37;401;3;0
2637;-116;-211;401;3;0
2638;-177;-81;402;3;0
2639;-119;-218;402;3;0
2640;-230;-281;402;3;0
2641;-231;-35;403;3;0
2642;-19;-90;403;3;0
2643;-31;-178;403;3;0
2644;-215.333;-275.333;403.667;3;0
2645;-243;-279;404;3;0
2646;-44;-255;405;3;0
2647;-72.3333;-46.6667;405.667;3;0
2648;-41;-118;406;3;0
2649;-156;-122;406;3;0
2650;-61;-45;407;3;0
2651;-145;-161;407;3;0
2652;-104;-49;408;3;0
2653;-21;-131;408;3;0
2654;-19;-135;408;3;0
2655;-205;-242;408;3;0
2656;-202;-265;408;3;0
2657;-93;-51;409;3;0
2658;-229;-91;409;3;0
2659;-220;-95;409;3;0
2660;-299;-118;409;3;0
2661;-29.3333;-235.333;408.333;3;0
2662;-291;-269;409;3;0
2663;-64;-45;410;3;0
2664;-284.667;-84.6667;409.667;3;0
2665;-143.667;-183.667;409.333;3;0
2666;-39.6667;-233.667;409.333;3;0
2667;-25.3333;-75.6667;410.333;3;0
2668;-201.333;-184.667;410.667;3;0
2669;-143;-47.6667;411.667;3;0
2670;-247;-91;412;3;0
2671;-105;-52;413;3;0
2672;-230;-176;413;3;0
2673;-248;-236;413;3;0
2674;-61;-177;414;3;0
2675;-92;-199;414;3;0
2676;-225.667;-35.3333;414.667;3;0
2677;-265;-94;415;3;0
2678;-244.333;-204.333;414.333;3;0
2679;-151.333;-260.667;414.333;3;0
2680;-278.667;-108.667;415.333;3;0
2681;-308.333;-40.6667;417.667;3;0
2682;-18;-189.333;417.333;3;0
2683;-152;-262.333;417.667;3;0
2684;-142;-55;419;3;0
2685;-22.6667;-227.667;418.333;3;0
2686;-287;-278;419;3;0
2687;-195;-93;420;3;0
2688;-198;-94;420;3;0
2689;-86;-106;421;3;0
2690;-302;-131;421;3;0
2691;-81;-178;421;3;0
2692;-271.667;-159.333;422.667;3;0
2693;-201;-162;424;3;0
2694;-239;-181;424;3;0
2695;-70;-244;424;3;0
2696;-20.6667;-40.3333;425;3;0
2697;-289;-126;425;3;0
2698;-163;-79.6667;425.667;3;0
2699;-219.333;-139.667;426;3;0
2700;-287;-199;426;3;0
2701;-245;-223.667;425.333;3;0
2702;-271;-39;427;3;0
2703;-23;-72.6667;426.333;3;0
2704;-225.667;-136.333;426.667;3;0
2705;-159;-63;428;3;0
2706;-115;-162;428;3;0
2707;-83;-281;428;3;0
2708;-165;-62;429;3;0
2709;-78;-278;429;3;0
2710;-179.333;-47;429.667;3;0
2711;-47;-174;430;3;0
2712;-165;-211;430;3;0
2713;-143.333;-108.333;430.667;3;0
2714;-285;-156;432;3;0
2715;-75.3333;-42;432.667;3;0
2716;-209;-70;433;3;0
2717;-119.667;-130.333;432.667;3;0
2718;-70.3333;-262.667;432.667;3;0
2719;-303;-280;433;3;0
2720;-228.667;-60.6667;433.667;3;0
2721;-123;-138;434;3;0
2722;-129;-182;434;3;0
2723;-157.667;-199.667;433.667;3;0
2724;-64.6667;-227.333;433.333;3;0
2725;-243;-176;435;3;0
2726;-123;-279;435;3;0
2727;-58;-85;436;3;0
2728;-126;-206;436;3;0
2729;-152.333;-278.667;435.667;3;0
2730;-113.667;-39.6667;436.667;3;0
2731;-286;-61;437;3;0
2732;-116;-76;437;3;0
2733;-27.6667;-124.667;436.667;3;0
2734;-104;-125;437;3;0
2735;-288;-59;438;3;0
2736;-50.3333;-110.333;437.333;3;0
2737;-134;-212;439;3;0
2738;-204.333;-246.667;438.667;3;0
2739;-20;-78;440;3;0
2740;-101;-105;440;3;0
2741;-235.333;-109;439.667;3;0
2742;-132;-208;440;3;0
2743;-39;-105;441;3;0
2744;-249;-118;441;3;0
2745;-90.3333;-166.667;440.667;3;0
2746;-289.333;-273.333;440.333;3;0
2747;-307;-202;442;3;0
2748;-249;-228;443;3;0
2749;-112;-233;443;3;0
2750;-168;-265;443;3;0
2751;-301.667;-53.6667;444;3;0
2752;-69;-142;444;3;0
2753;-39;-192;444;3;0
2754;-124;-257.333;443.333;3;0
2755;-292.333;-162;444.667;3;0
2756;-232;-283;445;3;0
2757;-248.667;-30.3333;445.667;3;0
2758;-202;-232;446;3;0
2759;-175;-280;446;3;0
2760;-168.667;-54.3333;446.333;3;0
2761;-279;-86;447;3;0
2762;-123;-254;447;3;0
2763;-74;-250;448;3;0
2764;-153;-262;448;3;0
2765;-146;-266;448;3;0
2766;-159;-158;449;3;0
2767;-185;-284;449;3;0
2768;-238;-176;450;3;0
2769;-226;-256;450;3;0
2770;-306;-267;450;3;0
2771;-307;-96;451;3;0
2772;-130;-198.333;450.333;3;0
2773;-299;-264;451;3;0
2774;-150;-49;452;3;0
2775;-204.333;-156;451.333;3;0
2776;-129.333;-263.333;453;3;0
2777;-132;-39;454;3;0
2778;-162.667;-56.3333;453.333;3;0
2779;-52;-136;454;3;0
2780;-280;-140;454;3;0
2781;-158;-249;454;3;0
2782;-23;-255.333;453.333;3;0
2783;-74;-282;454;3;0
2784;-150;-104;455;3;0
2785;-15;-130;455;3;0
2786;-230.667;-42.6667;455.333;3;0
2787;-285.333;-210.667;455.667;3;0
2788;-62;-223;456;3;0
2789;-294;-259;456;3;0
2790;-257;-106;457;3;0
2791;-250.333;-158.333;456.333;3;0
2792;-251.667;-258.333;457;3;0
2793;-128;-274;457;3;0
2794;-74;-278;457;3;0
2795;-16;-223;458;3;0
2796;-30.3333;-38;458.667;3;0
2797;-171.667;-91.6667;459;3;0
2798;-101.667;-222.333;459;3;0
2799;-212;-107;460;3;0
2800;-75;-250.333;459.333;3;0
2801;-61.6667;-59.3333;460.333;3;0
2802;-71;-79.6667;460.333;3;0
2803;-219.667;-100.333;460.333;3;0
2804;-276;-196;461;3;0
2805;-308;-216;461;3;0
2806;-135.333;-94.6667;462.333;3;0
2807;-41;-283;463;3;0
2808;-67;-34;464;3;0
2809;-19;-74;464;3;0
2810;-254;-149;464;3;0
2811;-226;-207;464;3;0
2812;-280;-259;464;3;0
2813;-194.667;-130.667;464.333;3;0
2814;-307;-160;465;3;0
2815;-298;-211;465;3;0
2816;-72.3333;-218.667;464.333;3;0
2817;-134.333;-95.6667;465.667;3;0
2818;-275;-177.667;465.333;3;0
2819;-195.667;-159.333;466.667;3;0
2820;-80;-188;467;3;0
2821;-243;-55;469;3;0
2822;-9;-201.333;468.667;3;0
2823;-243;-61;470;3;0
2824;-187;-102;470;3;0
2825;-53.3333;-34;470.333;3;0
2826;-206;-115;471;3;0
2827;-271;-122;471;3;0
2828;-176.667;-174.333;470.333;3;0
2829;-52.3333;-192;470.333;3;0
2830;-302.667;-155.667;471.667;3;0
2831;-233;-199.667;472.333;3;0
2832;-247.333;-52.6667;474.667;3;0
2833;-98;-69;475;3;0
2834;-219;-87;475;3;0
2835;-126;-185;475;3;0
2836;-11.3333;-191.333;474.333;3;0
2837;-285;-265;475;3;0
2838;-108;-281;475;3;0
2839;-208;-91;476;3;0
2840;-68;-136;476;3;0
2841;-180;-203;476;3;0
2842;-182;-208.667;475.667;3;0
2843;-284;-228;476;3;0
2844;-228;-82;477;3;0
2845;-156;-192;477;3;0
2846;-110;-257;477;3;0
2847;-220;-44;478;3;0
2848;-162.667;-151.333;477.333;3;0
2849;-216.5;-246.167;476.667;4;0
2850;-28;-279;478;3;0
2851;-295.667;-147.667;478.333;3;0
2852;-48;-158;480;3;0
2853;-129;-108;481;3;0
2854;-148;-149;481;3;0
2855;-224;-166;481;3;0
2856;-49.3333;-137.667;481.667;3;0
2857;-80.3333;-36.3333;482.333;3;0
2858;-115.667;-71.6667;482.333;3;0
2859;-217.333;-158.667;482.333;3;0
2860;-148;-241;483;3;0
2861;-234;-259;483;3;0
2862;-10;-57;484;3;0
2863;-293;-145;484;3;0
2864;-206;-31;485;3;0
2865;-299;-62;485;3;0
2866;-13;-189;485;3;0
2867;-136;-122;486;3;0
2868;-299;-203;486;3;0
2869;-22.6667;-228.667;485.667;3;0
2870;-295;-275;486;3;0
2871;-236;-279;486;3;0
2872;-188;-51;487;3;0
2873;-305.667;-63.3333;486.333;3;0
2874;-32;-124;487;3;0
2875;-218.333;-155.333;486.333;3;0
2876;-152;-185;487;3;0
2877;-200;-33;488;3;0
2878;-298;-46;488;3;0
2879;-159;-75;488;3;0
2880;-68.6667;-249.667;487.667;3;0
2881;-105.667;-258.333;487.667;3;0
2882;-146;-174;489;3;0
2883;-73.3333;-231.333;488.333;3;0
2884;-159;-40;490;3;0
2885;-193;-127;490;3;0
2886;-164.667;-255.667;489.667;3;0
2887;-77;-95;491;3;0
2888;-25.3333;-155.333;490.667;3;0
2889;-66.3333;-246.667;490.667;3;0
2890;-66;-251;491;3;0
2891;-129;-40;492;3;0
2892;-294;-45;492;3;0
2893;-52.6667;-63.6667;491.333;3;0
2894;-94.3333;-116.667;491.667;3;0
2895;-285;-142;492;3;0
2896;-213;-186;492;3;0
2897;-66.3333;-89.3333;492.333;3;0
2898;-97.3333;-111.333;493;3;0
2899;-269.333;-41.6667;495;3;0
2900;-38;-206;495;3;0
2901;-49;-282;495;3;0
2902;-160;-69;496;3;0
2903;-267;-94;496;3;0
2904;-304;-124;496;3;0
2905;-174;-169;496;3;0
2906;-126;-187.667;495.667;3;0
2907;-85.3333;-219.667;495.667;3;0
2908;-133;-38;497;3;0
2909;-282;-41;497;3;0
2910;-292.333;-76.3333;496.667;3;0
2911;-89;-125;497;3;0
2912;-157;-279;497;3;0
2913;-290;-195;499;3;0
2914;-59.3333;-202.667;498.333;3;0
2915;-103;-231;499;3;0
2916;-201;-273;499;3;0
2917;-310.333;-60.3333;499.667;3;0
2918;-152;-195;500;3;0
2919;-151;-250;500;3;0
2920;-61.6667;-257.333;499.333;3;0
2921;-174;-160;501;3;0
2922;-200;-275;501;3;0
2923;-105;-219;502;3;0
2924;-265.667;-156.333;502.333;3;0
2925;-306;-189;503;3;0
2926;-236;-211;503;3;0
2927;-55;-264;503;3;0
2928;-252.333;-188.333;503.333;3;0
2929;-256.333;-266;503.333;3;0
2930;-246;-122;505;3;0
2931;-48;-151;505;3;0
2932;-187.333;-67.3333;505.333;3;0
2933;-73.3333;-125.667;506;3;0
2934;-124;-202;506;3;0
2935;-295.333;-252.667;505.667;3;0
2936;-229;-147.667;506.667;3;0
2937;-199.333;-97.6667;507.333;3;0
2938;-179;-208;509;3;0
2939;-305.667;-44.3333;509.667;3;0
2940;-20.6667;-38.3333;510.333;3;0
2941;-298;-220.333;510.667;3;0
2942;-46;-270;511;3;0
2943;-305;-51;512;3;0
2944;-273;-71;513;3;0
2945;-232;-87;513;3;0
2946;-227;-133;513;3;0
2947;-235;-207.667;512.667;3;0
2948;-267;-99;514;3;0
2949;-56;-125;514;3;0
2950;-54;-188;514;3;0
2951;-63.6667;-36;514.667;3;0
2952;-252;-38;515;3;0
2953;-59;-81;516;3;0
2954;-233.333;-40;516.333;3;0
2955;-160;-120;517;3;0
2956;-122;-244;517;3;0
2957;-131;-39;518;3;0
2958;-134;-92;518;3;0
2959;-214;-104;518;3;0
2960;-203.333;-224.333;517.667;3;0
2961;-43.6667;-274.667;517.333;3;0
2962;-90;-54;519;3;0
2963;-219.333;-98.6667;519.333;3;0
2964;-149.667;-281.333;519.333;3;0
2965;-299;-57;521;3;0
2966;-189;-213;521;3;0
2967;-212;-127;522;3;0
2968;-140;-241;522;3;0
2969;-288;-61;523;3;0
2970;-140.333;-218.333;523;3;0
2971;-257.333;-277.667;522.667;3;0
2972;-124;-93;524;3;0
2973;-197;-177;524;3;0
2974;-19;-205.333;523.667;3;0
2975;-212;-246;524;3;0
2976;-53;-166;525;3;0
2977;-20;-152;526;3;0
2978;-31.6667;-47.6667;526.667;3;0
2979;-79;-136;527;3;0
2980;-170;-159;527;3;0
2981;-233;-176;527;3;0
2982;-60;-265;527;3;0
2983;-162.333;-62.3333;527.667;3;0
2984;-95.3333;-64.6667;527.333;3;0
2985;-214;-121;528;3;0
2986;-122.667;-165.667;527.667;3;0
2987;-42.6667;-40;528.333;3;0
2988;-67;-92;529;3;0
2989;-170;-152;529;3;0
2990;-62;-280;529;3;0
2991;-44;-282;529;3;0
2992;-192;-199;530;3;0
2993;-178;-286;530;3;0
2994;-201.667;-71.3333;530.667;3;0
2995;-298;-202;531;3;0
2996;-27.3333;-217.333;530.667;3;0
2997;-265;-55;532;3;0
2998;-226;-141;532;3;0
2999;-233;-179;532;3;0
3000;-225;-214;533;3;0
3001;-305.667;-278.667;532.667;3;0
3002;-279.333;-150.667;533.667;3;0
3003;-164.333;-33.6667;534.667;3;0
3004;-297;-117;535;3;0
3005;-239;-288;536;3;0
3006;-19;-55;537;3;0
3007;-158;-56;537;3;0
3008;-296.333;-124.667;536.333;3;0
3009;-172;-204.333;536.333;3;0
3010;-12;-243.667;536.333;3;0
3011;-302;-275;537;3;0
3012;-42.6667;-282;536.667;3;0
3013;-229;-48;538;3;0
3014;-40.3333;-118.333;537.667;3;0
3015;-189;-200;538;3;0
3016;-203.667;-257.333;537.333;3;0
3017;-155;-47;539;3;0
3018;-182;-62;539;3;0
3019;-303.667;-160.333;539;3;0
3020;-271.667;-118.333;539.333;3;0
3021;-28;-141;540;3;0
3022;-79.6667;-171.333;539.333;3;0
3023;-195;-201;540;3;0
3024;-205.667;-291.667;539.333;3;0
3025;-232;-46;541;3;0
3026;-37;-117;541;3;0
3027;-231;-142.333;540.667;3;0
3028;-53;-212;541;3;0
3029;-190;-55;542;3;0
3030;-36;-120;542;3;0
3031;-69;-171;542;3;0
3032;-34.3333;-123.667;543;3;0
3033;-33.3333;-126.667;543;3;0
3034;-178;-202;543;3;0
3035;-301;-272;543;3;0
3036;-30.6667;-137.667;543.333;3;0
3037;-261;-239;544;3;0
3038;-142;-34;545;3;0
3039;-136;-188;545;3;0
3040;-296.333;-109;545.333;3;0
3041;-80;-188;546;3;0
3042;-307.333;-221.333;545.333;3;0
3043;-299;-269;546;3;0
3044;-122.5;-280;546;4;0
3045;-166;-250;547;3;0
3046;-38;-93;548;3;0
3047;-273.667;-142;547.333;3;0
3048;-253;-235;548;3;0
3049;-200;-255;548;3;0
3050;-87;-272;548;3;0
3051;-111.333;-277.333;548;3;0
3052;-269;-53;549;3;0
3053;-158;-115;549;3;0
3054;-224.333;-156.333;548.333;3;0
3055;-163.333;-102.333;549.667;3;0
3056;-76;-117;550;3;0
3057;-221.667;-160.667;549.667;3;0
3058;-130.333;-189;549.333;3;0
3059;-297;-201;550;3;0
3060;-58.3333;-208.667;549.667;3;0
3061;-23.3333;-75.3333;550.667;3;0
3062;-279.667;-138.667;550.333;3;0
3063;-93.3333;-270;550.333;3;0
3064;-228.333;-108;551.333;3;0
3065;-105;-241;552;3;0
3066;-110;-36;553;3;0
3067;-46.6667;-283;552.667;3;0
3068;-293;-56;554;3;0
3069;-91.3333;-194.333;553.333;3;0
3070;-81.3333;-234.667;553.333;3;0
3071;-277.333;-258.667;553.667;3;0
3072;-91.6667;-78.3333;554.667;3;0
3073;-188.667;-96.3333;554.333;3;0
3074;-285;-145;555;3;0
3075;-168.667;-256.333;554.667;3;0
3076;-38.6667;-85.3333;555.667;3;0
3077;-186;-98;556;3;0
3078;-280.667;-261.667;555.333;3;0
3079;-277.667;-276.667;556;3;0
3080;-125;-115;557;3;0
3081;-264.667;-117.333;556.667;3;0
3082;-185;-147;557;3;0
3083;-180.333;-149;556.333;3;0
3084;-136;-157;557;3;0
3085;-50;-178;557;3;0
3086;-241;-100;558;3;0
3087;-120;-116;558;3;0
3088;-303;-192;558;3;0
3089;-69;-238;558;3;0
3090;-89.6667;-143.667;558.333;3;0
3091;-305.333;-270.333;558.667;3;0
3092;-156;-60;560;3;0
3093;-48.3333;-79.6667;560;3;0
3094;-21.3333;-87.6667;559.667;3;0
3095;-66.6667;-92.6667;559.333;3;0
3096;-32.3333;-147.333;559.667;3;0
3097;-95.6667;-235;559.333;3;0
3098;-298;-39;561;3;0
3099;-295.667;-56.6667;560.667;3;0
3100;-215;-165;561;3;0
3101;-42.3333;-182.333;561.333;3;0
3102;-308;-200;562;3;0
3103;-108;-207;562;3;0
3104;-306.667;-237;561.667;3;0
3105;-92;-272;562;3;0
3106;-208.667;-42;562.333;3;0
3107;-297;-49;563;3;0
3108;-42.3333;-74.3333;562.333;3;0
3109;-198;-160;563;3;0
3110;-212.333;-238.333;563.333;3;0
3111;-184.667;-145.333;564.667;3;0
3112;-283.667;-202.667;564.667;3;0
3113;-45.6667;-222.333;564.333;3;0
3114;-157;-63;566;3;0
3115;-207;-193;566;3;0
3116;-244;-86;567;3;0
3117;-181.5;-146.5;566.5;4;0
3118;-158.667;-147;566.667;3;0
3119;-298;-180;567;3;0
3120;-290;-278;567;3;0
3121;-126;-110;568;3;0
3122;-303.667;-204.333;567.667;3;0
3123;-121;-212;568;3;0
3124;-97;-228;568;3;0
3125;-153;-147;569;3;0
3126;-130;-201;569;3;0
3127;-29;-235;569;3;0
3128;-188;-280;569;3;0
3129;-260;-248;570;3;0
3130;-59.3333;-285.667;569.667;3;0
3131;-304;-97;571;3;0
3132;-189;-284;571;3;0
3133;-140.667;-59;571.333;3;0
3134;-40.3333;-65.6667;571.333;3;0
3135;-81;-122;572;3;0
3136;-297;-139;572;3;0
3137;-292;-198;572;3;0
3138;-172;-214;572;3;0
3139;-292;-259;572;3;0
3140;-250;-44.6667;572.667;3;0
3141;-300.333;-57;572.667;3;0
3142;-77;-33;574;3;0
3143;-10;-71;574;3;0
3144;-26;-199;574;3;0
3145;-192;-206;574;3;0
3146;-303;-56;575;3;0
3147;-305;-87.3333;574.333;3;0
3148;-294;-109;575;3;0
3149;-102;-173;575;3;0
3150;-294.333;-194.333;574.667;3;0
3151;-171.333;-218.333;574.667;3;0
3152;-196.667;-287.333;574.333;3;0
3153;-188;-41;576;3;0
3154;-304;-47;576;3;0
3155;-307.667;-56.3333;575.667;3;0
3156;-239;-81;576;3;0
3157;-262;-207;576;3;0
3158;-174.333;-221.333;575.333;3;0
3159;-26.3333;-160.333;576.667;3;0
3160;-57;-166;577;3;0
3161;-136;-235;577;3;0
3162;-119.333;-69.3333;577.333;3;0
3163;-118;-82;578;3;0
3164;-185;-109;578;3;0
3165;-23.6667;-267.667;577.333;3;0
3166;-201;-284;578;3;0
3167;-182;-38;579;3;0
3168;-34.6667;-50.3333;578.667;3;0
3169;-299;-120;579;3;0
3170;-189;-138;579;3;0
3171;-256;-209;579;3;0
3172;-208;-249.333;578.667;3;0
3173;-199;-286;579;3;0
3174;-208;-54;580;3;0
3175;-248.667;-125.333;579.667;3;0
3176;-251.667;-257.333;579.333;3;0
3177;-142;-276;580;3;0
3178;-191;-151.5;580.5;4;0
3179;-202;-201;581;3;0
3180;-197.667;-208.333;580.667;4;0
3181;-194;-210;581;3;0
3182;-170.333;-83.6667;582;3;0
3183;-228;-160;582;3;0
3184;-130;-162;582;3;0
3185;-268.667;-182;581.333;3;0
3186;-68.3333;-214.333;581.667;3;0
3187;-100.667;-30;582.667;3;0
3188;-13.3333;-108.667;582.333;3;0
3189;-234;-215;583;3;0
3190;-168.333;-160.667;583.667;3;0
3191;-201.333;-211.333;583.667;3;0
3192;-175.333;-266.333;584;3;0
3193;-102.333;-62.3333;584.667;3;0
3194;-185;-136;585;3;0
3195;-23;-161;585;3;0
3196;-189.333;-133.167;584.667;4;0
